Name,SMILE,ECFP_6
5-FU,O=c1[nH]cc(F)c(=O)[nH]1,00000000000000000000000100000000000000000000000000000000000000000000000000000000000000000000000000000000000000000000000000000000000000000000000000000000000000000000000000000000000000000000000000000000000000000000000000010000000000000000000000000000000000000000000000000000000000000000000000000000000000000000000000100000000000000000000000000000000000000000000000000000000000000000000000000000000000000000000000000000000000000000000000000000000000000000000000000000000000000000000000000000000000000100000000000000000000000000000000000000000000000000000000000000000000000000000000000000000000000000000000000000000000000000000000000000000000000000000000100000000000000000000000000000000000000000000000010000000000000000000000000000000000000000000000000010000000000000000000000000000000000000000000000000000000100000000000000000000000000000000000000000000000000000000000000000000000000000000000000000000000000000000000000000000000000000000000000000000000000000000000000000000000000000000000000000000000000000000000000000000000000000000000000000000000000000000000000000000000000000000000000000000000000000000000000000001000000000000000000000000000000000000000000000000000000000000000000000000000000000000000000000000000000000000000000000000000000000000000000000000000000000000000000000000000000000000000000000000000000000000000000000000000000000000000000000000000000000000000000100000010000000000000000000000000000000000000000100000000000000000000000000000000000000000000000000000000000000000000000000000000000000000000000000000000000000000000000000000000000000000000000000000000000000000000000000000000000000000000000000000000000000000000000000000000000000000000000000000000000000000000000000000000000000000000000001000000000000000000000000000000000100000000000000000000000000000000010000000000000000000000000000000000000000000000000000000000001000000000000000000000000000000001001001000000000000000000000000000000000000000000000000100000000000000000000000000000000000000000000000010000000000000000000000000010000000000000000000000000001000000000000000
ABT-888,CC1(c2nc3c(C(N)=O)cccc3[nH]2)CCCN1,00010000000000000000000000000000000000000000000000000000000000000000000000000000000000000000000000001000000000000000000100000000000000000000100000000100000000001000000000000000000000000000000000000000000000000000000000000000000000000000000000000000000000000000000000000000000000000000000000000000000000000100010000000000000000000000100000000000000000000000000000000000000000000010000000000000000000000000000000000000000000000000000000000000000000000000001000000000000000000000000000000000000000000000000000000000000000000000000000000000000000000000000000000000000000000000000000000000000000010000000000000000000000000000000000000000000000000000000000100000000000000000000000000000000000000000000000000000000000000000000000000000000000000000000000000100000000000001001000000000000000000000000000000000000010010100000000000000000000000000000000000000000000000000000000000000000000000000000000000000000000010000000000000000000010100000000000000000000000000000000000000000000000000001000000000000000000000000000000000000000000000000100000000001000000000000000001001000000000000000000000000000100000000000000000000000001000000000001000000010100000100000000000000000001000000001000000000000000000000000000000000000000000000000000000000000000000000000000000000000000000000000000000100000000000000000000000000000000000000001000000000000000000000000000000000000000000000000000000000000000010001000000000000000000000000000000000100000000000000000000000000001000000000000000000000000000000000000000000000000000000000000000000000000000000000000000000000000000000000000000000000000000000000000000000000000000000000000000000000000000000000000000000000000000000001000000000000000000000000000000000000000000000000000000010000000000000000100100000000000000000000100001000000000000000000000000000000001000000000000000000000000000000000000000000000000000000000000000000000101000000000000000001000000000000000000000000000000000000000000010000000000000000000000000000000000000000000000000000000000000000000000000100000000000000000000000000000000000000000000000000000000
AZD1775,C=CCn1c(=O)c2cnc(Nc3ccc(N4CCN(C)CC4)cc3)nc2n1-c1cccc(C(C)(C)O)n1,00000000000000100000000000000000000000100000000000000000000000000000000000000000100000000000000000000000000000000010000000000000000000000000000000000000000000000001000000000000000000000000000100000000000000011000000100100010000000000100000000000000000000000000100000000000000000100000000000000000000000000000000000100001000000000000000000000000000000000000000000000010000000000010000000010000100000000000000100000000000000000000000000000000000000000000000000100000000000000100000000000000000100000000100010000000000000000000000100000000000001001000000000000000000000000100010100000000000000000000000000000000000000000000000000000000000001000000000000100000000000000000000000000000000000011000001001000010000000000000000000000000010000000000000000000000000000000000000000000000000000000000000000000000000000010000000000000000000000000000000000010000000000000000000000000000000000010000000000000000000000000000000000000000010000100000000100001000100000000000000000000000000000000000000000000000000000000000000000000000000000000000000001000001000000000000000001000000000000000000000010000000100000000000000000000000000000000000000000000000000000000100000010000000000000000000000000000000000000000000000000000000000000000000000000000000000010000000000000000000000001000000000000000000000000000010000000000000000000000000000010000000000000000000001000000000000001000000001000000000000010000000000000000000000001000000000000000000000000000000000000000000000010000000000010000000000000001000000000000000000000010001100000000000000010010000000100000000000100000000000000000000000000000000001000100000000000000000000000000000000000000000000000000000000011000000000100000000000000000000000000000000000000001000000000000000000000000000000000000000000000000000001000000000000000000000000000000000000000000000000000000000000000000000100001000000000000000000000000000001000000000000000001000000010000000000000000000000000010000000000000000000000000100000000000000000000000000000000010000000000000000000001000000000000000000000000000000000000000000000000000000000
BEZ-235,Cn1c(=O)n(-c2ccc(C(C)(C)C#N)cc2)c2c3cc(-c4cnc5ccccc5c4)ccc3ncc21,00000000000100000000000000000000000010000000010000000010001000000000000000000000000000000100000000000000000000000010000100000000000000000000000000000000000000000000000010000000100000000000000000000000000010000000000000000000000000000100000000000000000000000000000000000000000000000000000001000000000000000000000000100000000000100000000000000000000000000000000000000000000000000010000000000000100000000000000000000000000000000000000000000000000100000000000000100000000000000000000000000000000000000000000000010000000001000000000000000100000000000000000000000000000010000000000000000000000000000000000000000000000001000010000000000100000000001100010000100001000000000000000000100000000000000000000000000000000000000010000000000000000000000000000000000000000000000000000100010000000000000100001000000000000000000000000000000100000000000000000000000000000000000000000000000000000100000000000000000000100000000000000000000000000000000000000100000000000000010000000001000001000000000000000000000000000000000000000000000000000000000000000010000000000000100000000001000000000100000000000000000001100000001100000000000000000000000000000000000000000100000100000000000000100000000000000000000010000000000000000100000000100000000000000000000000000000000000000000000000001000000000000000000000000000000000000000000000000000000000000000000000000000000000100000000000001001000000001000000000000010001000000000001000000000000000000001000000100000000000000010000000000010000000000000000000000000001000000100000000000001000000000000000000000000000000000100000000000000000000000000000000000000000000000000000000000000000000001000000000100000000000000000000000000000000000000000000000010000000000000000000000000000000000000000000100000000000000000000000000000000000000001000000000000000000000000000000000000000000000000000000000000000000000000001000000000000000000000000000001000000000000000001000000000000000000000000000000000000000000000000000000000000000000000000000000000000000000000000000000010000000000000001000000000000000000000000000000100000000000000000000000
BORTEZOMIB,CC(C)CC(NC(=O)C(Cc1ccccc1)NC(=O)c1cnccn1)B(O)O,01000000000000000000000000000000100000000000000000000000000000000000000000000001100000000000000000000000000000000000010000000000000000000000000000000000001000000000000000000001000000000000000000000000000000000000000000000000000100000010000000000000000000000000000000000001000000000001000000000000000000000000000000000010000000000000000000000000000000000000000000000000000000000010000000000100000000000000000000000000000010000000000000000000000000000000000000000000000000000000000000000010000000000000000000000100000000000000000000000000000000000000000010000000000000000000010000000000000000000000000000100000000000000000000000000000000000000000000000100000000000000000000000000000100000000000000000000000000000000000000000000000000000001000000000000000000000010000000000000000000000000000000000000000000000010000000000000000000000000000000000000000000000010100000000000000000000000000000000000000000000000010000000000000000000000000000000001000000010000000000000000000000000000000000000000000000000000000000000000000000000000000000000000000000000000000000001000000001000010010000000000000100000000000000000000010000000000000010000000000000000000000000010000000000000000000000000000000000000000000000100000000000000100000000000000000000000000000000000000000000000000000000000010100001000000000000000000000000000000000000000000000000000000000001000000000000000000000000000000000000010000000000000000000000000000000000000000000000000000001000000000000000010000000000000000000000000000000000000000000000000000000000000000000000000000000000100000000000000000000000000000100000000000000000000100000000000000001000000000000100000000000000000000000000000000000000000000000000000100000000000000000000000000000000000000000000000000000000000000000000000000000001000100000000000000100000000000000000000001000000000000000000000000000000000000000000000000000000100000000000000000010000001000000000000001000000000000000000000000000010001001000000000000000000000010000000000000000000000000000000000000000000000000000000000100000000000000000000000000000000000000000
CARBOPLATIN,N.N.O=C(O)C1(C(=O)O)CCC1.[Pt],00000000000000000000000000000000000000000000000000000000000000000000000000000000000000000000000000000000000000000000000000000000000000000000000000000000000000000000000000000000000000001000000000000000000000000000000000000000000000000000000000000000000000000000000000000000000000000000000000000000000000000000000000000000000000000000000000000000000000000000000000000000000000000000000000000100000000000000000000000000000000000000000000000000000000000000000000000000000000000000000000000000000000000000000000000000000000000000000000000000000000000000000000000000000000000000000000000000000000000000000000000000000000000000000000000000000000000000000000100000000000000000000000000000000000000000000000000000000000000000000000000000000000000000000000000000000000000000000000000000000000000000000000000000000000010000000000000000000000000000000000000000000000000000000000000000000000000000000000000000000000000000000000000000000000100010000000000000000000000000000000000000000000000000000000000000000000000000000000000000000000000000100000000000000000000000000000001000000000000000000000000000000000000000000000000000000000000000000000000000000000000000000000000000001000000000000000000000000000000000000000000000000000000000000000000000000000000000000000000000000000000000000000000000000000000000000000000000000000000000000000000000000000000000000000000000000000000000000000000000000000000000000000000000000000000000000000000000000000000000000000000000000000000000000000000000000000000000000000000010000000000000000000000000000000000000000000000000000000000000000000000000000000000000000000000000000000000000000000000000000000000000000000000000000000000000000000000000000000000000000000000000000000000000000100000000000000000000000000000001000000000000000000000000000000000000100000000000000010000000000000000000000000000000000000000000000000000000000000000000000000000000000000000000000000000000000000000000000000000000010000000000000000000000000000000000000000000000000000000000000000000000000000000000000000000000000000000000000010000000000000000000
CYCLOPHOSPHAMIDE,O=P1(N(CCCl)CCCl)NCCCO1,00000000000000000000000000000000000000000000000010000000000001000000000000000000100000000000000000000000000000000000000000000000000000000000000000000000000000000000000000010000000000000000000000000000000000000000000000000000000000000000000000000000000000000000000000000000000000000000000000000000000000000100000000000000000000000000000000000000000000000000000000000000000000000000000000000000000000000100000000000001000000000000100000001000000000000000000000000000000000000000000000000000000000000000000000000000000000000000000000000000000000000000000000000000000000000000000000000000000000000000000000000000000000000000000000000000000000000000000000100000100000000000000000000000000000000000000000000000000000000000000001000000000000000000000000000000000000000000000000000000000000000000000000000000000000000010000000001000000000010000000000000000000000000000000000000000000000000100000000000000000000000010000000000000000000100000001000000000000000100000000000000000000000000000000000000000000000000000000000000000000000000000100000000000000000000000000000000000000000000000000000000000000000000000000000000100001000000000000000000100000000001000000000000000000000000000000000000000000000000000000000000000000000000000000000000000000000000000000000000000000000000000000000000000000000000000000000000000000000000000000000000000000000000000000000000000000000000000000000100000000000000000000000000000000000000000000000000000000000000000000000000000000000001000000000000000000000000000000000000000000000000000000000000000010000000000000000000000000000000000000000000000000000000000000000000000000000000000000000000000000000000000000000000000000000000000000000000000000000000000000000010000000000000000000000000000000000000000000000000000000000000100000000000000000000000000000000000000000000000000000000000000000000000000000000000000000000000000000000000000000000000000000000000000000000000000000000000000100000000000000000000000000000000000000000000001000000000000000000000000000000010000000000000000000000000000000000000000000000000000000000000000
DASATINIB,Cc1nc(Nc2ncc(C(=O)Nc3c(C)cccc3Cl)s2)cc(N2CCN(CCO)CC2)n1,00000000000000000000000000000000000000000000000000000000100000000000000000100100100000000000000000000000000000000000000000000000000000000000000000001000000000000010000000000000000000000000000000000000000001000000000000000010000000000000000000000000000000000000000000000000000000000000000000000000000000000000000000000000000000000000000000000000000000000000000000000010000000000010010001000000000000000000100100000000000100000000000000010000000000000000000000000000000000000100000000000010000100000000010000000000000000000000000100000000000001000000000000000000010000000100000000001000000000000000000000000000000000000000000000000000000000000000000000100000000000000000000000010000000000000000000000000010000000000000000000100000000000100000000000000000000000000000000000000000000010000000000000000010000000010000000000000000000000000000000000000000000000000000000000000000000100000000000000000000000000000000000000000000000000100000000100000000000000000000000000000000000100100000000000000000000000000000000000000000000000000000000000000001000000000000000001000000000000000000000000000000100000000001000000000000000000000000001000010000000000000110000010000000000000000000000100000000000000000000000000000000000000100100000000000001100000000000010000000000000000000000001000000000000000000000000000000100000000000000000000000100000000001000000000000000000000000000000000000000000010001000000100000000000000010000000000000000000000000000000000000000000010000000000001000000000000001010010000000000000000000000100000000000000000000000000100000000000000000000000000000000000000100000010000000000000000000000000000000000000000000000000000000010000000000000000000000000000000000000000000010000000000000000000000000000000000000010000000000000000000000000001000000100000000000000000000000010000001010000000000010000000000001000000000000000000000000000000000000001000000000000000101000000000000000000000000000000000001000000010000000000000000000000000000100000000000010000000000000000000000000000000000010001000000000000000000000000000000000000000000000000
DEXAMETHASONE,CC1CC2C3CCC4=CC(=O)C=CC4(C)C3(F)C(O)CC2(C)C1(O)C(=O)CO,00000100100000000000000000000000000000000000000000000000000001000000000000000000100010000000000000000000000000000000000000000000000000000000000000000000000000000000000000000000000000100000000000000000000000000000000000000010000000000000000000000000000100000000000000000000000000000000000000000000000000000000000000100000000000000000000000000000000001000000000000000000000000000000000000000000000000000000000000000000000000000000000010000000000000000000000000001000000000000000000000000000000000000000000010000000000000010000000000000000000010000001000000000000000000000000000000000000000000000000000000000000000000000000000000000000000000000000000000100000000000000000000000000001000000000000000000000000000000000000000000000000000000000000000000001000000010001000000000000000000000000001000000000000000000010000000000000000000000000000000000000000000000000000000000000000000000000000000000000000000000000000000000000000000000100000000000000000000000001000000000000001000000000001000000000000000000000000000000000000000110000000000000000000001000000000001001001000000000000000000000000000000000000000000000000000000000000000000000000000000000000000000000100000000001000000001000000000000000000010000000000000000000000000000000000000000000000000000000000000010000000000000000100000000000000000100000000000000001000000000000000100000000000000000000000000000000000000000000001000000010000000000000000000000000000000000000000000000010000000100100000000100000000000000000000000000000000000000000000000000000000000000000000000000000000000000000000000000000000000100000000000000000000000000000000000000000000000000001001000000010001000000000000000010000000000000000000000100000000000000000000000000000000000000000000000000000000000000000000000001000000000000000000000000000000000001000000000000000010000000000000000000000000000000000001000000000000000000000010000000000000000000001000000000010000000000000000000000001000000010000000000100000000000000000000000000000000000000000000001000000000000001000000100000000000000000000000100001000000000000000000000
DINACICLIB,CCc1cnn2c(NCc3ccc[n+]([O-])c3)cc(N3CCCCC3CCO)nc12,00000000000000000000000000000000000000110001000000000000000000000100000000000000100000000000000000000000000000000000000000000000000000000000000000000000000000000000000000000000000000000000000000000000000000000000000000000010000000000000000010000000000000010000000000000000000000000000000000000010000000000000000000100000000000000000000000000000000000100000000000010000001000000010000100000000000000000001000000001000000000000000000000000000000000000000000000000001000000000100000000000000000000000000000000000000000000000000000100010000000000000000000000000001000000000000000000000000000000000000000000000000000000000000000000000000001100000000000000100000000000000000000000000000000010000000000000000000000000000001000000000000000000000000000000000000000100000000000000000000000000000000001100000000000000010000100001000000000000011000000000000000000000000000000000000000000100000000000000100000000000000000000000000000000000100000000100000000000000100010000000000000000000000000000000000000000000000001000000000000000100000000100000000000000000000010000001000000001000000000000000000000100000000000000000000000000000000000000000000000000000000000000011000000000000000000001000000000000000000000000000000000000000010000000000000001000000000100000000000000000000000000000000000010000000000000000000000000000000000010000000000100000000000000000000000100000100000000000100000000000010000000000000000000100000000000000010000000000000000000000000000000000000000000000000000000000000001000000000000000000000000000000000000000000000000000000100000000000000001000000000000001000000000000000000001100000000000000000010000000000000010000000000000000000000000000000000000000000000000000000000000010000000001000000010000000000000000000000000000000000000000000011000100000000000000000000000000000000000000000000100000000000000000000000000000000000000000000000000000001000000000000000001000000000000000000000000000000000000000000000000000001000000000010000000000000000000000000000010000000000000001000000000000010000010000000000000010000000000000000000000000000
DOXORUBICIN,COc1cccc2c1C(=O)c1c(O)c3c(c(O)c1C2=O)CC(O)(C(=O)CO)CC3OC1CC(N)C(O)C(C)O1,00000000000000000000000000000010011000000000000000000000000000000000000000000000100000000000000000000000000000000000100001100000000000000001000000010000000000000000000000000000000000000000000000000000001000000000000000000010000000000000000000000000010000000000001000000000000000000000010000000000001000000000000000100000000000000000000000000000000000001000000001000000000000000000000000000000000000000000000000000000000000000000000010000000000000000000000000000000000000000000000000000000000000110000000001000000000000000010000000000000000000000000001000000000000000000000000000000000000100010000000000000000000000000000000000000000000001000000000000100000100000000000000000000001000000010000000100000000000000000000000000100000000000000000000000000000000010000000000000000100000000000000000000000000000000010000000000000000000000000000000001100000000000000000000000000000000100000010000000000000010000000000000000000000000000100000000000001000000000000000000000000000000001000000000010000000000000000000000000010000000100000000000000000001000000000000000001001000000000100000000000000100100000000000000000000000000000000000000000000000000000000000000000100000000000000001000000000000000000000000000000001000000000000000000000000000000000000000000000100000010000010000000000001000000000000000100000000000000001000000000000000000000000000000000000000000000000000000000000000000000011000000000000000000000100000010000000000000000000000000000000000000000000000000000000000000000010000000010100000000000000000000010000000000000000000000000010000000000000000000000000000000000000000000000000000000000001000010000000001000000000000000100000000000000000001000000000000000100000000000000000000000000000000000000000000000000000000100000000000000000000000001001000000000000000000000000000000000000001000000000000000000000000010000000000000000100000000000010000000000000000100000000001100001000000000000000000000000000000100000010001000000000000000000000000000000000000000000000000100000000000000000100000000100000000000000000000000000000000001000000001000000
ERLOTINIB,C#Cc1cccc(Nc2ncnc3cc(OCCOC)c(OCCOC)cc23)c1,00000000000001000000000000000000000000000000010000000000000000000000000000000000100000000000000000000010000000000000000000000000000000000000000000000000000000000000000000000001000000000000000100000000000000000000000000000000000000000000000000000000000000000000000000000000000000000000000000000000000001000000000000000000000000000100000000000000000000000000000000000000000000000010000000000000000000000000000100000000000000000000000000000000000000000000000000000000000000000000000000000010010100000000000000000000000000100000000000000000000000000000000000000000000000000000000000000000000000000000000000000001000000000000000000000000000000000000000000000000000000000000000001101000000000000000000100000001000010000000000000000000000000000000000000010000000000000000000000000000000010000001010000100000001000000000000000000000000000000000000001000000000000000000000000000000000100000000000010010100000000000000000010010000000000000000000000000000000000000000000000010000000000100000000000000000000000000000010000000000000000000000000000000101000000000000000001000000000000000000000000000000100000000100000000000000000000000000000000000000000000000000000010000100000000000101010000000100000000000000000000000000000000001000000000100000000000000000000000000001000000000000000000000000000000000000000000000000000000000000000000000000000000000000000000000000000001000000000100000000000010000000000000000000000000000000000000000000000000000000000000000000000010000000000000000000000000000000000000000000000000000000100000000010000000000000000000000000000000000000000000000000000000000000000000000000000100000000000000000000000000000000010000000000010000001001000000000000000000000000000000000000000000000000000000000000000000000000000000000010000000000000001000000000000000000000000000000000000000000000000000000000001000000000000000000000000000000000000000000000000000000000000001000000000000000000000000000000000000000000000000000000000000000000000000000000000000000000000000100000000000000000000000000000000000000000000000000000000000000000000000000000
ETOPOSIDE,COc1cc(C2c3cc4c(cc3C(OC3OC5COC(C)OC5C(O)C3O)C3COC(=O)C23)OCO4)cc(OC)c1O,00000001000000000000100000000000000000000000000000001000000000000100000000000000000000000001000000000000000000000000100000000000000000000000000000000000000000000100000000000000000000000000000000000000001000000000000000000100000100000000000000000000010000000001000000000000100000000000000000000000000000000001000000100000000000000000000000000000000000000000000000000000000000000000000000000000000000000000000000000000000000000000000000000000010000000000000000000000000000000000010001000000010000000000001000000000000000000000000000000000000000000000000000000000001001000000000000000000000000000000000000000000000000000000001100000000000000000000000000100000100000000000000000000000000000000000000100000000000000000000000000010001000000010010000000000101000000000000000000000000000000000000000000000000001000010000000000000000000000010000000001000000000000000000000000000100000100000000010000000000000000100000000000000000000000100000000000000100000000000000000000000000000000000000000000000010000000000000000000000000000100000001000000001000000000000000000001000000000000000000000100000000000000000000000000000000000000000000000000000000000000000000000000000000000000100000000000000000000000000000000000000100000000000000000000000000001000000000000000001000010000000000010000000001000000000000000000000000000001001000000000010010100000000000000000000100000000000000000000000000000011000000000000000000000000000000000000000000000001000000000000000000000001000100000000000001000000000000000100000000000100000000000000000000000000000000000010000000000000000000000000000000000000000010000000000000000000000010000000000000000000010000000000000000000000000000000000000000000000000000000000000000000000000000001000000000000010000010001000000000000000000000000000000000000000000010000000000000000000000000000010000000000000000001000000001000000000000000000000000000000000010000000001000000010000000000000000000000010000000000000001010000000000000000000000000000000100000000000000100000100000000010000000000000000000000000000000000100000001000000000000000000
GELDANAMYCIN,COC1=C2CC(C)CC(OC)C(O)C(C)C=C(C)C(OC(N)=O)C(OC)C=CC=C(C)C(=O)NC(=CC1=O)C2=O,00000001000000000000000000000000000000000000000000000000000000000000000001000000000010000000000000000000000000000000000000000000000000000000100000000000000000000000000000010000100000000000000000000000000000000000000000000000000000010000000000000000000000000000000000000000010000100000100000000000000000000000000000100000000000000000000000000000000000000001000000000000000000000000000000000000000000000000000000100000000000000000000000000000000000000000000000000000000000000000000000000000000000000000000000000000000000000000000000000000000000010000000000000100000000000000000000000000000000000000000000000000000000000000000000000000000000000000000000100000000000000000000000000000000000000000000100000000001000000100000000000000000000001100000000010000000000000000000000000000000000000000000000000010000000010100000000000000000000000000000001000000000000000000001000100000000000000000000000000000000000000000000001000010001000100000001001000000000000000000000000000000000000000000000000000010000000000000000000000000000100000000000000001000000100000000000001001000000000000000000000010000101000000000000000000000001000000000001000100000000000000000100000000000000100000001000000000000000000000000000010000000000000000000000000000000000000000000000001000000010000000000000000000000000000000000100000000000000001000000000000000000000001000000000100100000000000000000000000000100000110000000000010000000000000000000000000000000000000000000000000100000000000000000000000000000000010000000000100000000000000000000000100000000000000000000000010000000000000000000000000000100000000010100000000000000000000000000000000000000000000010000010001000000000000000000000001000000000000000000000000000000000000000100000001000000000000000010000000000000000000000010000000000000000000001100001000001000000001000000001000000000000000000000000001000000000000000000000000000000000000000000000101000000000000000100000100000000000000000000010000000000000000010000000000000000000000000000000000000100000000000000000000000000000000000000000000000000000000000000000100000000
GEMCITABINE,Nc1ccn(C2OC(CO)C(O)C2(F)F)c(=O)n1,00000000000000000000000000000000000000000000000000100000000000100000000000000000100000000000000000000000000000000000000000000000000000000000000000000000000000000000000000000000000000000000000000000000000000000000000000000010000000000000000000000000000100000000000000000000000000000000000000000000010000000000000000100000000000000000000000000000000000000000000010000000000000000010000000000000000000000000000000000000000000001000000000000000000000000000000000000000000000000000000000000100000000000000000000000000000000000000000000000000000000000000000000000000000000000000000001000000000000000000000000000010001000000000000000000000000000001000000000100000100000000000000000000000000000001000001000000000000000000000000000000000000000000000000000000000000000000000000010000000000000000000000000000000000000010000000000000000000000000000000000010000000000000000000000000000000000000000000000000000000000000000000000000000000000000000000100000000000000000000000000000000000001000000000000000000000000000000000000000000000100000000000000000000000000000000000000001000000000000000000000000000000000000000010000000000000000000000000000000000000000000000000000000000000000000001000000000010000000000000000000000000000000000000000000000000000000000000000000000000010000000000000000000000000000000000000000000000000000000000000000000000000000000000000000000000000000000000000000000000000010000000000000000000000000000000000000000000000000000000000000000000000000000100000000000000100000000000000000000000000000000000000000001000001000000000000000000000000000000000000000000001000000000000000000000000000000000000000000000000000000000000000000000000000000000000001000000000000000000000000000000000000000000000000000000000000000000000000000001000000000000000001000000000000010000000000000000000000000000000000000000001000000000000000000000000000000000000000000000001000000000000000001000000000000010000000000000000000000000000000001000000100000000000000000000000000100000000000000000000000100000000000000000000000000000000000000000000000000000000000000100000
L778123,N#Cc1ccc(Cn2cncc2CN2CCN(c3cccc(Cl)c3)C(=O)C2)cc1,00000000010000000000000000000000001000000000000000000000000000000000000000100010100000000000000000000010000000000000000000000000000000000000000000000000000000000000010000000000000000000000000000000000000100000000000010000000000000000000000000000000000000000000000000000000000000000000000000000000000000000100001000100000000000000000000100000000000000000000000000000000000000000010000000000000000000000000000000000110000000000001100000000000000000000100000000000000000000010000000000000000000000000000000000000000000000000000000000000000000000100000000000000000010000000000000000000000000000001000000000000000000000000000000000000000000000000000000000100000000000000000000000100000000000000000000000000000000000100000000000000000000000000000000000000000000000000000000000000000000000000000001000000010000000000001000000000000000000000000000000000000000000000000000000000000000100000000000000000000000000000000000000000000000000100000100100000000000000001000000000000000000000000000000000000000000000000000000000000000000100000000000000001001000000000100000000000000000000000000000000000000101000000000000000000000000000000000000000000000100000000000000000000000000000000000000000000010001000000000000000000000000000000000000000000000000000000000000000000000000000000000000000000000000000000000000000000000000000000000000000000000000000000000000000000000000010001000000001000000000010001000000000000000000000000000000100000010000000000000000000000001000000010100000000000000000000011000000000000000000000000000000000100000000100000000000100000000000000100000000000000000000000000000000000000000000000000001000000000000000000000000000000000000010000000000000000000000000000000000010000010000000000000000000000000000000000000000000000000000000000000000001000100000000001000000010000000000000000010000000000000000000000000000000001000000000000000000000000000000000000000000000001000000000000000000000000000000000000000000000100000000100000000000000000100000001000000000000000000000000000010000000000000000000000000000000000000000000000000000000000000000
LAPATINIB,CS(=O)(=O)CCNCc1ccc(-c2ccc3ncnc(Nc4ccc(OCc5cccc(F)c5)c(Cl)c4)c3c2)o1,00000000000000001000000000000000000000100000000000000000000000000000000000000000100000000000001000000000000100000100000001000000000000000000000000000000000000000000000000000001000000100000000100000000000000000000000000000000000000100000000000000000001000010000000000000000000000000000000000000000100001000000000000000000000000000100000000000000000000100000000000000010000000000010100000000000000001000000000000000000000000000000010000000000000000000000000000000000000000000000000001000000010100000000000000010000000000000000000000001000100000000000000000000000010000000000000000000000000000000000000000001000000000000000000000000100000000000000000000100000100000000001000000000000000000000000100100010000100010000010000010000000000000000000000001000000000000000000000000000000000000000000000000100000000000000000000000000000000010000000000000010000000000000000000000000000000100000000100010000000100000000000000001000000000000000000000000000000000011000000000001000000000000000000000000000001000000000000100000000000000000000000000000000011000000000000000001000000001000000000000000000000100000000100000000000010000000000010000000000000000000000000000010000100100000000100000000000000000000000000000000000000000000000000000000100000000000000000000000000000000000000000001000000000000000000000000000000000000000000000000000000000000000000000000000000000000001000000000100000000000010000000000000000000000000000000000000000000000000000000000000000000000010000100000000000000000010010000000100000001000000000000100000000000000000000000000000000000000000000000001000000000000000000000010000000000000000000000100000000000000000000000001000000000010000000000000000000000000000100000000000010000000000000000000000000000000000000000000000000010000000000000001000110000000000000000000000000000000100000000000000000000001100000000000000000000000000000000000000000000000000000000000001000000000000000000000000000000000000000000000000000000100000100100001000000000000001000010000000100000000000000000001000000000000000000000000000000000000000000000000000000000
METFORMIN,CN(C)C(=N)N=C(N)N,00000000000000000000000000000000000000000000000000000000000000000000000000000000000000000000000000000000000000000100000000000000000000000000100000000000000000000000000000000000000000000000000000000000000000000000000000000000000000000000000000000000100000000000000000000000000000000000000000000000000000000000000000000000000000000000000000000000000000010000000010000000000000000000000000000000000000000000000000000000000000000000000000000000000000000000000000000000000000000000000000000000000000000000000000000000100000000000000000000000000000000000000000000000000000000000000000000000000000000000000000000000000000000000000100000000000000000000000000000000000000000000000000000000000000000000000000000000000000000000000000000100000000000000000000000000000000000000000000000000000000000000000000000000000000010000000000000000000000000000000000000000000000000000000000000000000000000100000000000000000000000000000000000000000000000000000000000000000000000000000000000000000000000000000000000000000000000000000000000000000000000000000000000000000000000000000001000000000000000000000000000000000000000000000010000000000000000000000000000000000000000000000000000000000100000001000000000000000000000000000000000000000000000000000000000000000000000000000000000000000000000000000000000000000000000000000000000000000000000000000000000000000000000000000000000000000000000000000000000000000000000100000000000000000000000000000000000000000000000000000000000000000000000000000000000000000000000000000000000000000000000000000000000000000000000000000000000000000000000000000000000000000000000000000000000000000000000000000000000000000000000001000000000000000000000000010000000000000000000000000000000000000000000000000000000000000000000000000000000000000000000000000000000000000000000000000000000000000000000000000000000000000000000000000000000000000000000000000000000000000000000000000000000000000000000000000000000000000000000000000000000000000000000000000000000000000000000000000000000000000000000000000000000100000000000000000000000000000000000000000000000000
METHOTREXATE,CN(Cc1cnc2nc(N)nc(N)c2n1)c1ccc(C(=O)NC(CCC(=O)O)C(=O)O)cc1,01000000100000000001000100000000000000000000000000000000000000000000000000000000100000001000000001000000000000000000010000000000000000000000000000000000000000000000000000000000000000000000000000000000000000000000000000000000000000000000000000000000000000000000000000000000000000000000000000000000000000000000000000000000010000000000000000000001000000000001000000000000000000000010000000001100000000000000000001000000000000000000000000000000000000000000000000000000000000000000000000000010000000000000000000010000000000000000000000000000000000000000000000000000000000000000000000000000000000000000000010000000000100000000000000000000000000000000000000100000000000000000000000000000000000000000000000001000000000000000000000001000000000001001000000000000000000000000000000000000000000000000000000000000000000010000000000010000000000100000000000001000000000000100000000000000000000000100000000000000000000000000000000000000000000000000000000000000000000000001000010000000000000000000000000000000000000000000000000000000000000000100000000000000000001000000000001000000000000000000000000000000000000001000011000000000000000000000000000000000000000000000000010000000000100000001100000000000000000000000000000000000000000000000000000000000000000001000000000000000000000000000000000000000000000010000000000000000000000000000000100000000000000000000000010000000000000000000000000000000000011000100000000000000010000000000000000000000000000000001000000000000000010000101000000000000000000000000000000000000000000000000000000000000000000000000000100000000000000000001010000001000000000000010000000000000000000000000000000000000000000001000000000000000000000100000000000000000010000010000000000000000000000000100010000000000000000000000100000000000010000000000001000000000000000000000000000000001000000000001000000000000000000000000000000000000000000000000100000000001000000000000000001000000000000000000000000000000000000000000010000000000000000000000000000000000000000010000000000000000000000000000000000000000000000000000001000000100000000000001000000000000
MITOMYCINE,COC12C(COC(N)=O)C3=C(C(=O)C(C)=C(N)C3=O)N1CC1NC12,00000000000000000000000000000000000000000000000000000100000000000000000000000000100000000000000000000000000000000000000000000000000000000000100000010000000000000000000000000000000000000000000000000000000000000000000000000000000000000000000000000000000000000000000000000010000000000000000000010100000000000000100000100000000000000000000000000000100100000000000000000010000000000000000000000000000000000000000000000000100000000000000100000000000000000000000000000000000000000000000000000000000000000001000000000000000000000000000000000000000000000000000000000000000000000000000000000000000010000000000000000000000000000000000000000000000000000000000000100000000000000000001000000000000000000000000100000000000000000000000000000000000000000001000000000000000000000000000000000000000000000000000000000000000000010100001000000000000000000000000001000000000000000000000010100000000000000000000000000000000000000000000000000000000001100000000100000000000000000000000010000000000010000000000000000000000000000000000000000010000100100000000000000000000000000000000001001000000000000001000000000000000001000000000000000000001000000000000000000000100000000000000000000000000000000001100000000000000000000000000000000000000000000000000000000000000000000000000000000000000000000000000000000000000000000000000000100000000000000000000000000000000000000000000000000000000000000000000000000000000010000000000000000000000000000000000000000000000000000010000001000000000000000100000000000000000010000000000000000000000000000000000100000000000000000000000000000000000000000000000000000000000100000000001000000000000000000000000000000000010000000000000000000000000001000000000000000000000000000000000000000000000000010000010000000000001000000010000000000000000000000000000000000000000000000000000000000001000000000000000000000000000001000000000000000100000000000000000000000000000001000000000000000000000000000000000000000000000000000000010000001000000000000000000000000000001000000000000000000000000000000000000100000000000000000000000000000000000000000000000000000000
MK-2206,NC1(c2ccc(-c3nc4ccn5c(=O)[nH]nc5c4cc3-c3ccccc3)cc2)CCC1,00000000010000000000000010000000100000001000000000000000000000100000000000100000000000000000000000000000000000000000000000000000000000000000000000000000000000000000000010000000000000000000000000000000000000000000000000000010000000000000000000000000000000000000000000000000000000000000000000000000000000000000000000100000000100000000000000000000000000001000000000000000000000000010000000000100000000000000000000000000010000000000000010000000000000000000000000000000000000010000000000001000000000000010000000000000000100000000000000000000000010000000000000001000000000000000010010000000000000000000000000000000000000000000000000000000000000000000000000100000000000000000000000000000000000001000000010000000000000000000000000000000000000001000000000000000000000100000000010000000000000000000000000000000000000000000000000000000000000000000000000000100000000000000000000000000100100010000000000000000100000000000000000000000000000100000000100000000000000000000000000000000000000000000000000000000000100100010000000010000000000000000100000000000000000000000000000001000000000000000000000000000100000000100010000000000001000000000000000100000000000000000000001000000101000000001000000000000000000000000000100000000010000000000000000000000000000000000000001000000000000000000000000000000000000000000000000000000000000001000000000000000000000000000000000000000000001000000000000000000000010000000000000000000000000000000000000000000000000000000000000001000000000000000000000000000000000000000000000000000000000000000000000000000000010000000000000000000000000000000010000000000000000000000000000000000000000000000000000000000000000000000000000000000000000000000000000000000000000000000000000000000000000001000000000000000000000000000000000100000000000000000001000000000000000000000000000100000000000000000000000000000000000000000000000000000000000000000000000000001000000000001000001000100000000000000100000000000000000000000000000000000000000010000000000010000000000000000000001000000000000000000000000000000000010000000000000000000000010000100000000000000
MK-4541,CN1C(=O)C=CC2(C)C3CCC4(C)C(NC(=O)OCC(F)(F)F)CCC4C3CCC12,00000000000000000000000000000000000000000000000000000000000000000000000000000000100000000001000000000000010000000010000000100000000000000000000000010110000000000000000000000000000000000000000000000000000000000000010000000000000000000000000000000000000000000000000000000000000000000000000000000000000000000100000000100000000000100000000100000000000000000000000000000000000000000000000000010000000000000000000000000000000000010000000000100000000000000000000001000001000000000000000000000001000000000000000000000000000000010010000001000000000000000001000000001000001000000000000000000000000000000000000000000000000000000000001000010000010000000000000000100001000100000000000000000000000000000000000100000000000100000000100000000000000000000000000000000000000000000000000000000000000000000001000000000000000000010100000000000000000001000000000100000000000000000010000000000000000000100000000000000000000000000000000000000000000000100000000100000000000000000000000000000000000000000000000000000000000000001000001000000000000100000000000000000000000000000000000001001000000000000000000000000000000000010000000000000000000000000100000001000000000000000100000010000000001000000000000010010000000000010000000000000000000000000000000000000000000000000000000000000000001000000000000000100000000000000000000000000000000000000000000000000100000000100000000000000000000000000000000000000000000010000000000000000000000000000000000000000000100000000000000000000000000001000000000000000000000001000000000000000000000000000000000000000010000000000000000000000000000000000000000000000000000000000000000000000000000000000000000000000000000000000000000000000010000000000000000000000000000000000000000000000000000000000000000000000000000000000000000000000000000000000000000000000010100000000000000000000000000000000000000000000100000000000000000000000000000000000000000001000000000000000000000001000000000000000000000000000000000000000000010000000000100000000000100000000001000000000100000000000000000000000000000000000000000000000000000000000000000010000000000000000000
MK-4827,NC(=O)c1cccc2cn(-c3ccc(C4CCCNC4)cc3)nc12,00000000000000000001000000000000000000000000010000000000100000000000000000000000000000000001000000000000000000000000000000000000000000000000100000000000000000000000000000000000000000000000000000000000000100000000000000000000000010000100000000000000000000000000000000000000000000000000000000000000000000000101010000000000000000000000000000000000000000000000000000000000000000000010000000000000000000000000000000000000000000000000000000000000000000000000000000000000100000100000000000000000000000000000000000000000000000000000000000000000000000000000000000000000000000000000000000000000000000000000000000000000000000000000000000000000000000000000000001100000000000000000000000000000000000000000000000000000000000000000000000010000000000000000001000000000000000000000000000000000000000000000000000000000000000010000000000000000000000000000000000000000000000000000000000000000000000000000000000000000000000000000000000010000000000100000000100000000000000000000000000000000000000000001000000000000000000000000000000000000000100000000100000000001000000000000000000000000000000000000000010000001100000000001000000000000001000000001010000000010100000000000000000000010000000000001000000000000000000000000000000000000000000000000000000100000000000000000000000000000000000000000000000000001000000000000000000000000000010000000000000000100000000000000000000000000000000000000000000000000000010000000000000000000001000000000000000000000000000000000000000000001000000010000000000000000000000000000000001000000000001000001000000000000000000000000000000000000001000000000000000000000000000000000000000000000000000000000000000000000000000000000000000000000000000000000000000000000000000000000000000000000000000000000000000000000000100000000100000000000000000010000001000000000000000000000000000000000000000000000000000010000000000000000000001000000000000000000100000000001000000000000000001000010000000000000000000000000000000000000010000000000000000000000000100000000000010000000000000000000000000000000000100000000100000000000001000000000000000000000000000000000
MK-5108,O=C(O)C1(Cc2cccc(Nc3nccs3)n2)CCC(Oc2cccc(Cl)c2F)CC1,00000000000000100000000000000000000000110010000100000000010000000000000010000000100000000000000000000000000000000000000100000000000000000000000000000000000000000000000000001000000000001000000000000000000000000000000000000000000000000000000000000000000000000000000000000000000000000000000000000000000000000001000000010000000000000000000000000000000000100000000000000010000000011010000001000100000000000000000000000000000000000000000000000000000000000000000000000000000000000000000000000100000100000000010000000000000000000000100000000000000100000000000000100000010000000000000000000000000000000000000000000000000000000000000001000000000000000000000000101000000000000000000000010000000000000000000100010000000000000000000000001000000000000000000000000000000000000000000001000010000000000000000000000000000000010000000000000000000000000000000000000000000000000000000000000000000001000000000000000000000001000000000000000100000000100000000000000000000000000000000000000000000000100000000000000000000000010000000000010000000100000000000000000001000000000010001000001000000000000000000000000000100000010001000000000000000000000000000000000000000010000000000010000000001000000000000000000000000000000000000000000000000000000000100000000000000000000000000000000000000000000000010000000000000000000000000000000000000000000000000000000100000000001000000000001000010000000000000000000000000010000000000000000000000000000010000000000000000000000000000000000100000110000000000000000000000000000000000000000000000000000000000000000000000000000000000000000000000000000000000000000001000000000000000000000000000000000000000000000000000000000001000000000000000000000000000000000000000000010000000000010000000000000010000000000000000000000000000000000110000000000000001000000000000000000000000000000000000000000000000000000000000000010000001000000000000000000000000000000001000000000010000001000000000000000000000000000000000000000000010000000000110000000000000000000000000000000000000000100000000010000000000000000000000000000000000000000000000000000000000000000000
MK-8669,COC1CC2CCC(C)C(O)(O2)C(=O)C(=O)N2CCCCC2C(=O)OC(C(C)CC2CCC(OP(C)(C)=O)C(OC)C2)CC(=O)C(C)C=C(C)C(O)C(OC)C(=O)C(C)CC(C)C=CC=CC=C1C,01000011000000000000000000000100000000000010000010000100000000000000000000000000100000000000000001010000000000100000000000000000000000000000000000000000010000000000100000010000000000000000000110000000000010000000000000000000000000011000000000000000000000000000000000000000000000000001000000000000001000000000100000100000000000000000000000000010001010000000000000000000001000000000000000000010000000001010000000000000000000000000000000000000000000000000001000001000000000000000000001100010000000000000000000000000000000000000001010100000000000010000000000100000000000000000000000000000001000000000000000000000000100000000000000000000001000000001000000100000100000000000000000000001000010000001000100000000010000000000000000000000000000000010000000000010000000000100000000000000000000000010000000000010000000010000100100000000000000000000000001000001000000000000001000001000000000010000010000100000000000000000001000000010000000100000000101000110000000000100000000000000000000000100000000000000000000000000000000000000000100000000100000010000000100000000001001001000000000100000000001010000000100000001000000000000000000000000010000000000000000000000000000100000000000000000000000000000000000000000010000000000000000000000000000000000000000000000000001000000110000000000000100000000100000000000100010000000000001001000000000000100000000000000000000000000000000000000000000000000000010000000010010000000000001000000000010100000000000000000000100000000001000000000000000100000000000001000000000000000000000000000000001100000001000000000000100001010000000000000000000000000000001100000000000000000000000000000000000001000000000000000000000000000100000000000000000000010010000010000000000000000001001000000001000000000000000100110000000000000100000000000000000000000010000000000100000000000000000000000000000000001001000000000010000000000000000000000000010000000000100010000000001000000000000000000000000000000000000000000000000000000000000000000010000000000000000101000000000101000000100000000000000000010000000000000000000000000001000000000000100000000
MK-8776,Cn1cc(-c2cnn3c(N)c(Br)c(C4CCCNC4)nc23)cn1,00000000000000000000000000000000000000100001010000000000000000000000000000000000000000000000000000000000000000000000000000000000000000000000000000000000000000000000000000000000000000000000000000000000000000000000000000000000000000000000000000000000000000000000000000000000000000000000000000000000000000000100000000000000000000110000000000000000000000001000000000000000000001000010000000000000000000000000000000101000000000000000000000000000000000000000000000000000100000100000000000000000000000000000000000000100000000000000000000000000000000000000000000000000000000000000000000000000000000000000000000000000000000000000000000000000000000000000000001000000000000000010000001000000000000000000000000000000000000000000000000010000100000000000001000000000000000000000000000000000000000000000000000000000000000000000000000000000000000000000000000000000000000000000000000000000000000000000000000000000000000000000000000000000000000100000000100001000000000000000000000000000000000000000000000000000000000000000000000000000000100000000100000010000000010000000000001000000000000000100000010000000000000000001000000000000001000000000000011000000000000000100000000000000100000000001000000000000000000000100000000000000000000000010000000000000000000000000000000000000000000000000000000000000000000000000000000010000000010000000000000000100000000000000000000000000000000000000000000000000000010000000000000000000000000000000000000000000000000000000000000000000000000000110000000000000000000000000000000000000000000000000000000000000000000000010000100000000000000001000000000000000000000000000000000000100000000000000010000000000000000000000000100000000000000000000000000000000100000000000000000000000000000001000000000000000000000000000000000000000100100000000000000000000001000000000000000000000000000000000000000000000000000000000000000000000000000000010000000000001000000000000000001000000000000000000000001000000000000000000000000000000010000000100000100000000000100000000000000000000000000000000000000000000100000000000000001000000000000000000000000000000
MRK-003,O=S1(=O)NC2(CN1CC(F)(F)F)C1CCC2Cc2cc(C=CCN3CCC(C(F)(F)F)CC3)ccc2C1,00000000000000000000000001000000000000000000000000000000000000000000000000000000100000000000000000000000000000000010000000000000000000000000000000000000000000000000000000000000000000000000000000000000000000010100010000000000000010010000000100000000000000000000000000000010000000000000000000000000000000000000000000000000000000000000000000000000000000100000000000000000000000000000000000000000000000000000000000000000000000000000000000000000000000000000000000000000000001000010000000000100000000000000000000000000000000000000000010000000000000000000000000000000000000000000000000000000000000000000000000100000000000000000000000001000000000000000000000100000000000000000000000000000000000000000001000000000000000000000000000000000000000000000000000000000000000000000000000000000000000000000000000000000000000000000000000000000001001000001000000000000000000000000000000000000000110000000000001000000000000000000000000000000000000100000000100000000000000000000000000000000000000000000000001000000000000000000000000000000000100000000000000000001000000000000000001001000000000000000000000000000010000001000000000000000001000000000001000000000000000000000000000000000000010100000100000000000000000000000000000000000000000000000000000000000000010000000000000000000000001000000000000000000000000000000000000000000010000000000000000000100000000000000000000000000000010000000000000000000000010000000001000000000000000000000000010000001000000100000000000000001000001000000000000000000000000001000000000000000000000010010000000010000000000000000000100000000000000000000000000000000000000000000000000000000000000000000000000100000000000001000001000000000000001000000000101000000000000000000000000000000000000000000000000000000000000000000000000100000000000001000011000000000000000000000000000000000000000010000000001000000000100000000001000000000000000010000000000000000000000000000000001000000000000000000000000000000000000000000000000000000100000000000000000000000001000000000000000000000000010000000000010000000000000010000000000000000100000000100000001000000
OXALIPLATIN,NC1CCCCC1N.O=C(O)C(=O)O.[Pt+2],00000000000000000000000000000000000000000000100000000000000000000000000000000000000000000000000000000000000000000000000000000000000000000000000000000000000000000000000000000000000000000000000000000000000000000000000000000000000000000000000000000000000000000000000000000000000000000000000000000000000000000000000000000000000000000000000000000000000000000000000000000000000000000000000000000100000000000000000000000000000000000000000000000000000000100000000000000000000000000000000000000000000000000000000000000000000000000000000000000000000000000000000000000000000000000000000000000000000000000000000000000000000000000000000000000000000000000000000000100000000000000000000000000000000000000000000000000000000000000000000000000000000000000000000000000000000000000000000000000000000000000000000000000000000000010000000000000000000000000000000000000000000000000000000000000000000000000000000000100000000000000000000000000000000000100000000000000000000000000000000000000000000000000000000000000000000000000000000000000000000100000000100000000000000000001000000000000000000000000000000000000000000000000000000000000000000000000000000000000000000000000000000000000000000000000001000000000000000000000000000000000010000000000000000000000000000000000000000000100000000000000000000000000000000000000000000000000000000000000000000000000100000000000000000000000000000000000000000000000000000000000000000000000000000000000000000000000000000000000000000000000000000000000000000000000000000000000000000000000000000000000000000000000000000000000000000000000000000000000000000000000000000000000000000000000000000000000000000000000000000000000000000000000000000000000000000000000000000000000000000000000000000000000000000000000000000010000000000000000000000000000000000000000000000000000000000000000000000000000000000000000000000000000000000000000000100000100000000000000000000000000000000000000000000000000000000000000000000000000000010000000000000010000000000000000000000000000000000000000000000000000000000000000000000000000000000000000000000000000000000000000000
PACLITAXEL,CC(=O)OC1C(=O)C2(C)C(O)CC3OCC3(OC(C)=O)C2C(OC(=O)c2ccccc2)C2(O)CC(OC(=O)C(O)C(NC(=O)c3ccccc3)c3ccccc3)C(C)=C1C2(C)C,01000000000000000000000000000000000000000000000000000000000000000000000000000000000000000000000000000000000000010000010000000100000100000000000001010000000000000000000000000000000000000000100100001000000000000000000000000000010100000000000000001000000000000100000000000000000000000000000000000000010000000000001000100000000000010000000000000000000000001000000000000000000000000000000000000100000000000000000000000010000000000000000000000000000000001000000000000000000000000000000000000010000000000000000000000000000000000100000000000000010000000000000000000000000000000000000000000000001000000000000000000010100000000000000000100000000000000000000000100000100000000010100000000001001000000000000100000000001000000001001000000000000001000000000000000000000000001000000000000000000000000001000000000100001000010000000000000000010000000000000000000000001000000000000000000000000000000000000000000000000000000000000000000000000000100000000000000100000000000000000100100000000000000000000000000000000000000000000000001000010100000000000000010000000000000000000001001000000000000000000000000000100000000000001000000000000000000000101000000000000000010000000011100000000000000000000100000000010000000000000100000000000000000000000010000000000000101000000000000000010000000000000001100000000000000000100000001000000000000000000000000000000000001000010000000000000000000000011000000000000010000100000000000000000000000001000000001000000000000000001011000010000001000000001000000000100000000000000000000000000100000000100000000000000101000000000000000000000000000000000000000000010000000000010000100000000000000000000000000000000000000000000100000000000000000000000000000000010000000100000000000000000000001000000000000011000000000110000000000000000000000000001000000000000000000000000000000000000000000000000000100000000000000000000000000000100000010000000000000000000000000000000001000000000000000000000000000000000000000000010000000000000000000000000000010000000000000010000000010000000000000100000100100000000000000000000000000000000000000000000000000000
PD325901,O=C(NOCC(O)CO)c1ccc(F)c(F)c1Nc1ccc(I)cc1F,01000000000110000000000000000000000100000000000000000000000000000001000000000000100000001000000000000000100000000000001000000000000000000000000000000000000000000010000000000000001000000000000000000000000000000000000010000010000100000000000000000000000000000000000000000000000000000000000000000000000000000000000000000000000000000000000000000000000000000000000000000000000000000000010000001000000000000000000000000000000000000000000000000000000000000000000000010100000000000000000000100010000100000000000000000000000000000000001000000100000000000000000000000000000000000000000000000000000000000000000000000000000000000000000000100000000000000000000000100000000001000000000000000000000000000000000100010100000000000000000000000000000000000000000000000000000000000000000000000000000000000000000000000000000000010000000000000000000000010000100000000000000000000010000000000000000100000000100000000000000000000000000000000000000000000000000000000000000100000000000000000000000000000000000000000000000000000000000000000000010000000000000001000000000000000000000000000000000000000000000000000000000000000000000000000000000000000000000000000000000000000110000010000000000000000001000000000000000000000000000000000000000000000000000010000000000000000000000000000000000000000000000000000000000000000000000000000000000000000000000000000000000000000000000000000000000000000000000000000000000010000000000000000000000000000000000000001000000000000000010000000100000000000001000000000001000000000000000000000010000100000000000000000000000000000000000000000000000000000000000000000000000000000000000000000000001000000000001000000000000000000000001000000000000000000000000000000000000000000000000000000000000000000000000000000000000000000000000000000000000000000000001100000000000000000000000000000000000000000000000000000000000000000000000000000000000000011000000000000000100000000000000001000000000000000000000000000000000000000001010000000000100000000000000000000000000000000000000000000000010000000000000100000000000000000000000000000000000000000000001000000000
SN-38,CCc1c2c(nc3ccc(O)cc13)-c1cc3c(c(=O)n1C2)COC(=O)C3(O)CC,00000000010000001000000000000000000000000000000000000000000000000000000000000000100000000000000001000000000000000000000000000000000000000000000000000000000000000000000000000000000000000000000000000000000000010000000000000000000000000000000000000000000000000000000000000000000000000000000000000010000000000000000000100000000100000000000000000100000000000000000001000000010000010010010000000100100000000000000000000000000000000000000000000000010000000000000000000000000000000000000000000000000000000000000010000000000000000100000000000000000001000000100000000000000000000000000000000000000000000000000000000000010000010000000000000000000000000000000001100000110000000100000000000000000000000000000000000000000000000000000000000000000100000000000001000000000000000000010100000000000000000000000000000000000000010000000000000000000000000000000000000000000000001000000000000000000100000000000000000000000000000000000000000000000000100000000100000000000000000000000001000000000000000000000010000000000000000000000000010000000000000000000000000000000000000000000001001000000000000000000000000000000000000100000000000000000000001000000000000001000000000000000000100000000000000000000000000000000000000000000000000000000001000000000000000000000000000000000000000000010001000000000010000000000000000000100000000000000000000100000000000000000000000000000000000001000001000000000000000000000010000000000000000000000000000001000000000000000000000000000000000000000000000000100001000000000000000000000000000001100000000000000000000000000000000000000000000000000000000000000000000100000000000000000000000000000000000010000000000000000000000000000000000000000000000000000000000000000000000000000000000000000010000000000000000000000000000000000000100000000000000000001000000000000000000000010000000000001000000000000100000000000000000010000000000000000000100000000000000001000000000000000001000000000000000000000000000000000000000000000000000000000000000000000000100000000000000000000100000000000010000010000000000000000000000000000000000000000000000010000000000000
SORAFENIB,CNC(=O)c1cc(Oc2ccc(NC(=O)Nc3ccc(Cl)c(C(F)(F)F)c3)cc2)ccn1,00000000000000000000000000000000000000000000000000000000100000000000000000000000000000000000000000000000000000000010000000000000000000000000000000000000000000000000000000000000000000001010000101000000000000000000000000000000000000010000000000000000000000001000001000000000000000000000000000000000000000000000000000000000001000000000000000000000010000000000000000000010000000000010000000000000000000000000000000000000000100000000000000000000000001000000000000000000000000000000000010000010000000000000000000000000000000000000000000000000000000000000000010000000010000000000000000000000000000000000000000000000000000000001000000000000000010000000010000100000000000000010000000000000000000000000000100000000000000000000001000000000000000000000000000000000000000000000000000000000000010000001000000000000000000010100000000000000000000000000000100010000000000010000000000000000000100000000000000000000000001000000000000000000010000000010000000000000000000000000000000000000000000000000000000000000000000000000000000000000000000000000000001000000000000000000000001000100000000000000010000000000000000000000000000000000000000000000000000000000000000000000000010000000000000000000000001001000000000000000000000000000000000000000001000000000000000000000000000001000000000000000000010000000000000000000000000000000000000000000000000000000000000000000000000000000000001000000000000100000000010000000000000000000000000000000000000000000000000100000000000000000100011000000000000000000000000000000000000000000000000000000000000000000000000000000000000000000000000000000000000000000000000000000000000000000000000000000000000000000010000000000000000000000000000000000000000000000000000000000000000010000000000000000000000100000000000000000000000000000000000000000001001000000000000100000000000000000000000000000000000000000000000001000000000000000000000000000000000000000000000000010000001000000000000000000000000000000000000000000010000000000100000000000000000000000000000000000000000000000000000000000011000000000000000000000000000100100000000000000000000010000
SUNITINIB,CCN(CC)CCNC(=O)c1c(C)[nH]c(C=C2C(=O)Nc3ccc(F)cc32)c1C,10000000100000000000000000000000000000000000000000000000010000000000000000100000100000000000000000000000000100000000000000000000000000000000001000000000000000000000000000000000000000000000000000000100000000000000000000000000000000000000000000000000000110000000000000000000000000000100000000000010000000000000000000100000000000000000000000000000000000001000000000000000000000000000000000000000000000000000000000000000000000000000000000000000000000000000010000000000000000000000000000000110000000000000000000000000000000000000000100000000000000000000000000000000000000000001000000000000011000100000000000000000000000000000100010000000000000000000000000100000000000000001000000000000000000000000101000010000000000000000000000000000000000000000000000000000010000000001000000000000000000000010000000000000000000010000000000000000000000000000000010000000000000000000000000000000000100000100000000000000000000000000000000000000000000000000100000000000000000000000000000000010000000000000000000000000000000000000100000000000000000000000000000000000000000000000000001001000000000000000000000000000000000000000000000000000001000001000000000000000010000000000000010000000000000000000000000000000001000000000000000000000000000000000000000000000000000000001000000000000000000000000000000000100000000000000000000000010100000000010000000000000000000000000000000000000000000000000000000000000000010000000000000000000000000000010100000000000010000000000000000000000000000000000000000000000000000000000000100100000000000000000000000000000000000000000000000000000000000000000000000000000000000000000000000000000000000000000000000100000000000000000000000000000000000000000000001000000000000100010000000000000000000000000000000000000000000000010000000000000000000000100001000000000000000000000000000000000000000000000010000000000000000000000000001000000000000000100000000000000000000000000000001000000000000000000000000000000000000000000010000000000100000000000000001000001000000000000000000000000000001100000000000000001010000000010000000000000000000000000000000000000
TEMOZOLOMIDE,Cn1nnc2c(C(N)=O)ncn2c1=O,00000000000000000000000000000000000000000000000000000000000000000000000000000000000000000000000000000000000000000000000000000000000000000000100000000000000000000000000000000000000000000000000000000000000000000000000000000000000000000000000000000000000000000000000000000000000000001000000000000000000000000000010000100000000000000000000000000000000000000000000000000000000000000010000000000000000000000000000000000000000000000000010000000000000000000000000010000000000000000000000000000000001000000000000000000000000000000000000000000000000000000000000000000000000000000000000000000000000000000000000000000000000000000000000000000000000000000000000000100000000000000000000000000000000000000000000000000000000000000000000000000000000000000000000000000000000000000000000000010000000000000000000000000000000000010000000000000000000000000000000000000000000000000000010000000000000000000000000000000000000000000000000000000000000000000000100100000000000000000000000000000000000000000000000000000000000000000000000000000000000000000000000000000000000001000000000001000000000000000000000000000000000000000000000001000000000000000000000000000000000000000100000000000000000010000001000000000000000000000000000000000000000000000000000000000000000000000000000000000000000000000000000000000000000000000000000000000000000010000000000000000000000000000000001000000000000000000000000001000000000010000000000000000000000000000000000000000000000000000000000100000000000010000000000000000100000000000000000000000000000000000000000100000000000001000000000000000000100000000000000000000010000000000000000000000000000000000000000000000000000000000000000000000000000000000000000000000000000000000000000000000010000000001000000000000000000000000000001000000000000000000000000000000000000000000000000000000001000000001000000000000000000000000000000000000000000000000000000000000000000000000000000001000000000000000000000000000000000000000000010000000000000000000000000000000000000000001000000001000000000000000000000010000000000000000000000000000000000000000000000000000000
TOPOTECAN,CCC1(O)C(=O)OCc2c1cc1n(c2=O)Cc2cc3c(CN(C)C)c(O)ccc3nc2-1,00000000010000000000000000000000000000000000000000000000000000000000000000000000100000000000000000000000000000000000000000000000000000000000000000000000000000000000000000000000000000000000100000000000000000000000000000000000000000000000000000000000000000000000000000000000000000000000000000000010000000000000000000101000000100000000000000000100000000000000000001000000010000010010000000000100100000000010100000000000000000000000000000000000010000000000000000000000000000000000010000000000000000000100000010010000000000000000000000000000000001000000100000000000000000000000000000000000000000000000000000000000010000000000000000000000000000010000000000101000110000000000000000000000000000000000100000000000000000000000000000000000000100000000000000000000000000010000010000000000000000000000000000000000000000010000000000000000000000000000000000000000000000001000000000000000000100000100000000000000000000000000001000000000000000100000000100000000000000000000000001000000000000000000000000000000000000000000000000010000001000000000000000000000000000000000000001001000000000000000000000000000000000000100000000000000000000001010000000000001010000000000000000100000000100000000000000000000000000000000000000000000000000000000000000000000100010000000000000000000010001000000000010000000000000000000100000000000000000000000000000000000000000000000000000000001000001000000000000000000000010000000000000000000000000000000000000000000000000000000000000000000000000000000000000000000000100000000000000000000100000000000000000000000000000000000000000000000100000000000000000000100000000000000000000000000000000000010000100000000000000000000001000000000000000000000000000000000000000100000000000000000000010000000000000000000000000000000000000100000000000000000001000000000000010010000010000000000001000000000000000000000000000000010000000000000000000000000000000000001000000000000000001000000000000000000000000000000000000000000000000000000000000000000000000100000000000000000000000000000000010001000000000000000000000000000000000000000000000000010000000000000
VINBLASTINE,CCC1(O)CC2CN(CCc3c([nH]c4ccccc34)C(C(=O)OC)(c3cc4c(cc3OC)N(C)C3C(O)(C(=O)OC)C(OC(C)=O)C5(CC)C=CCN6CCC43C65)C2)C1,00000000100000000000000000000000000000000000000000000011000000000001100000000000100100000000000000000000000000100000000100000000000000000010000000000000000001000000000000000000000000000001000000000000100000000000000000000000000000000000000000000000010000000000000000000010000000010000000000000010000000000000010000000100000000000100000000000001000000000000000001000000000000001000000000000000000000000000000000000100000000000000000000000001001000000000000000000000000000000000000000000000000000000000000001000000000000000100000000000010000000000101000000000000000000000000000000000000000000000000100001100000000000000000000000000000000000100000000000100000000000000000000000100001000000000000000100000000000000000000000000000000100000000001000000000000000000000000000000000000000000000001000000000000000000010000000000000000000000000100000001000000001000000000010000000000000100100000010000000000000000000100000100000001000000101010001100000000000000000000000000000000100000000010000000000001000000000000000000000000010100001100000000110000000010000000000001001001000001000001000000000000100000000000000000000000001000001000001010000000000000000100000010100000001000000001000000000000000000000000001100000000000000000000010000000000000000110100000000000000000000000000000000000000000000000000000100010000000000001000000000000001000001000000000000000001000001000000000000000000000010000010001000000000000001000000000000000000000000000000000000001010000000000000000000000000000000001000000000000000000000010000000000000100000001000000000010000000000100000000000000000000000001000000000000000000000000000000000000001000000000000000000000000000000000000000000000000000010000000000000000000000000000000000000000000001000000000000000000000010001000000100001000000000001000000000000000000001000000000000000001000000000000010000001000000000000000000010000000000010000000010000000001001000000000000000000001000000000000000000010000000000000000000000000000001000010010000010000000100000000010000000000000000000000000000000010000000000000010000000000000000000
VINORELBINE,CCC1=CC2CN(C1)Cc1c([nH]c3ccccc13)C(C(=O)OC)(c1cc3c(cc1OC)N(C)C1C(O)(C(=O)OC)C(OC(C)=O)C4(CC)C=CCN5CCC31C54)C2,00000000100000000000000000000000000000000000000000000010000000000001000000000000100000000000000000000000000000100000000100000000000000000000000000000000000001000000000000000000000000000001000000000000100000000000000000000000000000000000000000000000010000000000000000000010000000010000000000000010000000000000000000000000000000000100000000000000000000000000000101000000000000001000100000000000000000000000000000000000000000000000000000000001001000000000000000000000000000000000000000000000000000000000000001000000000000000100000000000010000000000001000000000000000001000000000000000000000000000000000001001000000000000000000000000000000000100000000000100000000000000100000000100001000000000000000100000000001000000000000000000000100000000001000000000000000000000001000000000000000000000001000000000000000000010000000000000000000000000100000001000000001000000000000000000000000100100000000000000000000000000000000100000011000000100010001100000000000000000000000000000000000000000010000000000001000000000100000000000000011100101100010000110000000010000000000001001001000001010001000000000000100000000010000000000000001000001000001010000000000000000100000010100000001000000001000000000000000000000000001100000000000000001000010000000000000000110000000000000000000000000000000000000000001000000000000100010000000000001000000000000001000001000000000000000001000001000000000000000000000110000010000000000000000000000010000000000000000000000000000000001000000000000000000000000000000000001000000000000000000000010000001000000000000000000000000010000000000100000000000000000000000001000000000000000000000000000000000000001000000000000000000000000000000000000000000000000000010000000000000000000000000000000000000000000000000000000000000000000010000000000100101100000000001000000000000000000011000000000000000100000000000000010000001000000000000000000010000000000010000000010000000001001000000000000000000001000000100000000000010000000000000010000000000000100000010000000010000000100000000010000000000100000000000000000000010000000000000010000000000000000000
ZOLINZA,O=C(CCCCCCC(=O)Nc1ccccc1)NO,00000000000100000000000000000000000000000100000100000000000000000000000000000000100000000000000000000000000000000000000000000000000000000000000000000000000000000000000000000000000000000000000100000000000000000000000000000000000000000000000000000000000000000000000000000000000000000000000000000000000000000000000000000000000001000000000000000000000000000000000000000000000000000000000000000100000000000000000000000000000000000000000000000000000000000000000000000000000000000000000000000000000000000000000000000000000000000000000000000000000000000000000000000000000000000000000000000000000000000000000000000000000000000000000000000000000000000000000000100000000000000000100000000000000000000000000000000001000000000000000000000000000000000000000000000000000000000000000000000000000000000000000000000000000000010000000000000000000000000000000000000010000000000000000000000000000000100000000000000000000001000000000000000000000000000000000000000000000000000001000000000001000000000000000000000000000000000000000000000000000000000000000000000000000000000000000000000000000000000000010000000000100000000000000000000000000000000000000000000000000000010000000010000000000000000000000000000000000000000000000100000000000000000000000000000000000000000000000000000000000000100001000000000000000000000000000000000000000000000000000000000000000000000000000000000000000000000000000000001000000010100000000000000000000000000000000000000000000000000000000000000000000000000000100000100000000000000000000000000000000000000000000000000000000000000000000000000000000000000000000000001000000000000000000000000000000000000000000000000000000000000000000100000000000000000000000000000000000000000000000000000000000000000000000000000000000000100000000000000000000000000000001000000000000000000000000000000000000000000000000000000000000000001000000000000000000000000000000000000000000000000000000001000000000000000000000000000000000000010000010000000000000000000000000000010000000001000000000000000000000000000000000000000000000000000000000000000000000000000000000000000000
