cell_line,14-3-3_beta,14-3-3_epsilon_Caution,14-3-3_zeta,4E-BP1,4E-BP1_pS65,4E-BP1_pT37_T46,4E-BP1_pT70,53BP1,A-Raf_pS299_Caution,ACC_pS79,ACC1_Caution,Acetyl-a-Tubulin (Lys40)_Caution,ACVRL1_Caution,ADAR1,Akt,Akt_pS473,Akt_pT308,alpha-Catenin,AMPK_alpha_Caution,AMPK_pT172,Annexin 1,Annexin_VII,AR,ASNS,ATM,B-Raf_Caution,B-Raf_pS445,Bad_pS112,Bak_Caution,Bap1 c-4,Bax,Bcl-2,Bcl-xL,Beclin_Caution,beta-Catenin,beta-Catenin_pT41_S45,beta Actin_Caution,Bid_Caution,Bim(CST2933),Bim(EP1036),BRCA2_Caution,c-Jun_pS73,c-Kit,c-Met_Caution,c-Met_pY1235,c-Myc_Caution,C-Raf(BD610151)_Caution,C-Raf(MP05-739),C-Raf_pS338,Caspase-7_cleavedD198_Caution,Caspase-8_Caution,Caveolin-1,CD20 _Caution,CD31,CD49b,CDK1,Chk1_Caution,Chk1_pS345_Caution,Chk2,Chk2_pT68_Caution,cIAP_Caution,Claudin-7,Collagen_VI,Cyclin_B1,Cyclin_D1,Cyclin_E1,Cyclin_E2_Caution,Di-Ras3_Caution,DJ-1,Dvl3,E-Cadherin,eEF2_Caution,eEF2K,EGFR,EGFR_pY1068_Caution,EGFR_pY1173,eIF4E,eIF4G_Caution,ER-alpha,ER-alpha_pS118,ERCC1_Caution,ERK2_Caution,ETS-1,FASN,Fibronectin,FoxM1,FOXO3a_Caution,FOXO3a_pS318_S321_Caution,FRA1_Caution,G6PD,Gab2,GAPDH_Caution,GATA3,GSK-3-BETA_Caution,GSK3-alpha-beta,GSK3-alpha-beta_pS21_S9,GSK3_pS9,HER2,HER2_pY1248_Caution,HER3,HER3_pY1289_Caution,Heregulin,HSP70_Caution,IGFBP2,INPP4B,IRS1,JAK2,JNK_pT183_Y185,JNK2_Caution,Ku80_Caution,Lck,MAPK_pT202_Y204,MDM2_pS166,MDMX_MDM4(BetIHC-00108)_Caution,MEK1,MEK1_pS217_S221,MIG-6,Mre11_Caution,MSH2,MSH6_Caution,mTOR,mTOR_pS2448_Caution,MYH11,Myosin IIa pS1943,N-Cadherin,N-Ras,NDRG1_pT346,NF-kB-p65_pS536_Caution,NF2_Caution,Notch1,P-Cadherin_Caution,p14 Arf(BetA300-340A)_Caution,p21,p27,p27_pT157_Caution,p27_pT198,p38 alpha MAPK,p38_MAPK,p38_pT180_Y182,p53_Caution,p62 Lck ligand_Caution,p70S6K,p70S6K_pT389,p90RSK_Caution,p90RSK_pT359_S363_Caution,p90RSK_pT573_Caution,PAI-1,PARP_cleaved_Caution,Paxillin_Caution,PCNA_Caution,PDCD4_Caution,PDK1,PDK1_pS241,PEA15,PEA15_pS116,PI3K-p110-alpha_Caution,PI3K-p85,PKC-alpha,PKC-alpha_pS657_Caution,PKC-delta_pS664,PKC-pan_BetaII_pS660,Porin,PR,PRAS40_pT246,PRDX1,PREX1,PTEN,Rab25,Rad50,RAD51,Raptor,Rb_Caution,Rb_pS807_S811,RBM15,Rictor_Caution,Rictor_pT1135,RSK1-2-3_Caution,S6_pS235_S236,S6_pS240_S244,SCD1,SETD2_Caution,SF2,Shc_pY317,SHP-2_pY542_Caution,Smac_Caution,Smad1,Smad3,Smad4,Snail_Caution,Src,Src_pY416_Caution,Src_pY527,STAT3_Caution,STAT3_pY705,STAT5-alpha,Stathmin,Syk,TAZ,TFRC,TIGAR,Transglutaminase,TSC1_Caution,TTF1,Tuberin,Tuberin_pT1462,VAV1_Caution,VEGFR2,VHL_Caution,XBP1_Caution,XRCC1_Caution,YAP_Caution,YAP_pS127_Caution,YB-1,YB-1_pS102
A375,0.008182,-0.00335,-0.021646000000000002,0.8740620000000001,-0.595079,0.069832,-0.258373,-0.637714,-0.10176,0.326154,0.51558,-0.182292,0.388874,0.110948,0.9499629999999999,-0.478559,-0.69767,-0.006517,0.169601,0.7787430000000001,0.854661,-0.191524,0.117271,0.721298,1.317808,0.277348,0.100632,0.007345999999999999,0.073825,0.244229,0.132167,0.19176300000000002,-0.684966,0.29570599999999997,-0.8694139999999999,-0.044666000000000004,-1.0790389999999999,-0.153108,-1.01979,-0.570029,-0.148787,-0.28394899999999995,0.059763,-0.227215,0.118024,-0.282528,0.48117600000000005,0.072299,-0.127585,0.330171,0.08173899999999999,0.095442,-0.06837,0.281393,0.134192,-0.033082,-0.549482,-0.110464,-0.341199,0.480159,0.688643,-0.26667399999999997,-0.249881,-1.081222,-0.573216,0.399644,-0.29079,0.07445,0.324901,-0.194682,-1.039987,-0.034535,0.24580700000000003,-1.163466,-0.758013,-0.035695,-0.21316100000000002,-0.276553,0.1977,0.074772,0.03005,-0.182618,-0.43582600000000005,-0.183824,-0.092162,-0.7840090000000001,0.075173,-0.015588999999999999,0.6025020000000001,-0.03437,-0.00299,-0.465471,-0.275276,1.020942,0.370688,0.607887,1.168058,-0.051311,-0.39013400000000004,1.385743,-0.11891099999999999,-0.076167,-0.011703,-0.412602,0.3667,-0.39264699999999997,0.505642,-0.27965999999999996,-0.135974,-0.37588299999999997,-0.477055,0.626421,0.435737,1.061282,-0.275071,0.98661,0.41150600000000004,0.135382,0.311041,-0.342717,0.464397,0.244294,-0.029606999999999998,-1.8092599999999999,0.189992,0.101372,0.559172,1.238165,-0.100856,-0.43313599999999997,-0.379758,-0.790208,-0.521841,0.37409000000000003,0.125338,0.13633,-0.155658,-0.209204,-0.711875,-0.30918,0.637356,0.376767,-0.759023,0.541079,0.173281,1.026084,-0.318815,0.045874,0.948174,-0.393349,0.944451,-0.256079,0.063965,0.13355699999999998,-0.133595,0.28217600000000004,0.321802,0.041232,0.27937,0.09680599999999999,1.0267870000000001,-1.508149,0.083071,-0.362769,0.023733,1.070871,0.32875,0.176406,0.267559,-0.37661999999999995,0.18016500000000002,-0.335359,-1.071979,-0.30335100000000004,0.368641,-0.124927,0.7841319999999999,0.789245,-0.893267,-0.163522,0.104181,0.290026,0.011118000000000001,-0.5579029999999999,0.037307,0.007979,-0.172811,-0.027173000000000003,0.646101,0.385268,-0.268838,-0.269326,0.014519999999999998,0.063,1.284845,-0.133421,-1.263004,0.360558,-1.888393,-0.022619,0.17491700000000002,0.29073699999999997,-0.41445200000000004,0.593283,0.014953,0.327798,-0.98124,-1.79253,0.16384,-0.183692,-0.462107,-0.651093,-0.136208,0.8672200000000001
T47D,0.046212,0.13101500000000002,-0.047201,0.26328,0.627995,0.849992,0.101286,-0.101737,0.8494790000000001,1.065821,1.623645,-0.011452,0.188183,-0.1389,0.176713,0.9914870000000001,0.191247,0.500793,0.23560100000000003,0.4478,-1.321053,0.381175,1.415153,0.192274,0.6509050000000001,-0.178979,0.252292,-0.387405,-0.036599,-0.193105,-0.701146,-0.028919999999999998,-0.15945,0.240707,0.22665,0.023190000000000002,0.292873,-0.21030500000000002,-1.187222,-0.7948109999999999,-0.017113,-0.517653,-0.116889,-0.31332600000000005,-0.186764,-1.0003819999999999,1.2556459999999998,0.6954899999999999,0.210756,-0.245627,-0.34344,-2.793112,-0.15529300000000001,0.417181,0.16838699999999998,-0.47626999999999997,0.619726,-0.265011,-0.072163,-0.007664,0.722483,2.366653,-0.6791149999999999,1.050189,-0.547241,-0.240521,0.37493899999999997,0.081611,0.006587000000000001,0.317245,4.273161,-0.247129,-0.20509000000000002,-1.170136,-0.483495,-0.11616199999999999,0.018916,0.5568069999999999,3.394685,0.37154,0.276414,-0.310598,-0.592439,1.716198,-0.825923,-0.18320899999999998,0.114863,-0.13358299999999998,-0.42481899999999995,-0.188889,0.997237,-1.462537,3.724395,0.611123,0.117798,-1.210713,-1.201122,0.6642680000000001,-0.004278,0.9558629999999999,-0.211259,-0.143924,0.193445,1.620687,0.571503,-0.31967199999999996,-0.49332299999999996,-0.49353500000000006,-0.05570599999999999,-0.15296700000000002,-0.60729,-0.062794,-0.409229,-0.166415,-0.500995,-0.540935,-0.23365500000000003,0.066411,0.237328,-0.20738800000000002,0.604038,0.235921,-0.47490200000000005,-1.007766,-0.6241180000000001,0.144749,-0.536768,-0.9692850000000001,-0.564343,-0.05461900000000001,-0.05387,0.25226,0.37085300000000004,0.300535,0.23469,0.10968699999999999,0.261812,0.554899,-0.6452359999999999,0.865772,-0.284668,0.28477399999999997,0.035438,0.052161,-0.10346500000000002,0.0,-0.537346,0.09083200000000001,-0.39303699999999997,-0.18557,1.472591,0.477495,0.896288,0.06690800000000001,-0.232382,0.403615,0.6551859999999999,-0.843041,-1.23363,-0.337687,-0.862821,-2.013656,0.8313440000000001,-0.287119,0.034175,2.291295,1.087024,1.651843,0.33982399999999996,0.270499,0.11728599999999999,-0.18973900000000002,0.25924899999999995,-0.422961,-0.284655,0.134507,0.277231,0.400287,0.155673,0.356107,-0.155932,0.37297600000000003,0.141026,-0.30728099999999997,0.30553600000000003,-0.290017,-0.553705,0.198186,-0.09303099999999999,0.5717770000000001,-0.6349020000000001,0.228149,1.039663,-0.29836,-0.07002,-0.000487,1.299988,-0.42605299999999996,0.635518,-0.5147619999999999,-0.370202,-0.10736,-0.284529,0.5365449999999999,-0.350898,0.548244,0.48373599999999994,4.376461,-0.10666199999999999,0.0009199999999999999,0.559326,0.577818,-0.143582,-0.567909
NCIH1650,0.090673,-0.215902,0.367288,-0.546265,-0.29344000000000003,-0.422176,-0.16448,0.610645,0.680447,-0.11419100000000001,0.079399,-0.374114,0.15124300000000002,0.135323,0.11631300000000001,1.654378,1.7429810000000001,0.9984190000000001,-0.004522,-0.185473,1.020139,-0.249022,-0.123074,-1.6496549999999999,-0.9648610000000001,0.28369099999999997,0.131,-0.07987999999999999,-0.13371,0.024647,-0.269189,-0.32948299999999997,-0.307777,-0.074768,1.857731,0.5072810000000001,0.433225,-0.098428,0.142778,0.06009199999999999,0.214475,-0.203808,0.301649,-0.051088,-0.127474,-0.509726,0.20570100000000002,0.088723,0.037119,0.164993,0.045852,1.947181,-0.21718600000000002,0.09599500000000001,0.7560720000000001,-0.17464100000000002,0.399871,-0.102433,0.224507,0.24556999999999998,0.046972,2.932554,0.047407,0.422699,-0.35431799999999997,0.288491,0.015127000000000002,0.0038469999999999997,-0.078749,0.321282,4.935548000000001,-0.613796,0.7744300000000001,0.543075,0.939083,-0.079568,-0.032417,0.48436999999999997,0.003331,-0.254429,-0.042998,-0.08201699999999999,-0.151668,0.4918,0.039495999999999996,0.184845,-0.02585,-0.100636,-0.50284,-0.084973,-1.534133,0.987146,0.6936770000000001,0.025977999999999998,-0.008046,0.14619200000000002,-0.190132,1.12085,0.6574220000000001,0.17796099999999998,-0.237734,0.054877999999999996,0.040645,1.621802,0.22432,-0.322027,-0.120273,-0.396778,-0.33850399999999997,0.066961,0.245292,0.340878,0.021296000000000002,-0.34649,0.022132,-0.091017,0.169469,0.001567,-0.091478,-0.268338,0.496521,0.142532,-0.201444,1.025094,-0.5824550000000001,0.005412,-0.18443199999999998,-0.254863,0.177385,-0.11560999999999999,1.476666,-0.704151,0.201625,-0.08505900000000001,0.046335,-0.25290100000000004,-0.020355,0.024103,0.479159,-0.351247,0.8997299999999999,-0.282627,-0.301031,0.252746,-0.270352,0.211966,-0.5342560000000001,-0.282913,0.710199,0.03456,0.088037,0.042401,0.040816000000000005,-0.007737000000000001,-0.191932,-0.192244,-0.27124299999999996,-0.4751,-0.493422,-0.023593,0.021287999999999998,0.18523599999999998,-0.035961,0.714661,0.050586,0.3411,-2.399357,0.9265129999999999,-0.276239,0.31200300000000003,0.10194600000000001,-0.42636899999999994,-0.668523,0.177282,0.640482,-0.157356,0.483792,-1.2358040000000001,-1.072618,0.5021720000000001,-0.15037899999999998,-0.07251200000000001,0.11568800000000001,0.084523,-0.30953200000000003,0.032669,-0.11993,-0.12259300000000001,1.563024,0.26705,-0.089814,-0.491982,0.791508,0.09663300000000001,0.493551,-0.22772199999999998,-1.393135,0.046861,-0.049204000000000005,-0.18125,1.1052549999999999,-0.011526999999999999,-0.46028900000000006,-0.022966,0.28727800000000003,-0.025901999999999998,1.362259,-1.0462049999999998,-0.09018,0.41404300000000005,0.667813,1.189805,-0.183839,-0.095589
A2058,-0.038060000000000004,0.11496600000000001,0.29883200000000004,0.503724,0.549438,0.59809,0.643768,-0.381867,-0.40233,0.13855399999999998,0.296601,2.0039,0.024649,-0.30329,0.36528499999999997,-0.306295,-0.262687,-0.24325500000000003,0.47469399999999995,-0.233287,-0.622207,-0.322847,-0.154245,-0.028977,0.247401,0.138147,-0.063023,-0.139514,0.042852,0.146127,-0.032762,0.47560699999999995,0.574723,-0.169913,0.369126,0.494417,-0.22840500000000002,0.143893,-0.392683,-0.170738,0.029519,-0.332471,0.078529,-0.155801,-0.08470499999999999,-0.504215,0.504363,0.26477399999999995,-0.09261,-0.373299,-0.028051,0.840875,0.070113,-0.27073,0.0266,-0.249085,0.34738,0.221244,-0.137322,-0.24513000000000001,-0.104082,-0.40918499999999997,-0.268916,0.22011999999999998,0.382889,1.1388770000000001,1.310691,-0.30159600000000003,0.024749,-0.14440899999999998,-1.617226,1.8184779999999998,0.390178,-1.002545,-0.9112870000000001,0.007142,-0.185612,0.437154,-0.524774,0.067727,0.254696,0.344929,0.691078,0.520301,1.144007,0.241535,-0.214464,0.124358,0.6662859999999999,1.623661,0.815241,1.539151,-0.83283,-0.392892,0.13808499999999999,0.5217189999999999,0.691769,0.44560299999999997,-0.408118,1.556985,-0.037011,-0.067985,0.321369,0.12050899999999999,-0.21459699999999998,-0.034718,0.219597,-0.55761,0.166947,0.259759,0.552649,-0.469658,1.078492,0.438241,0.21251799999999998,0.09834,0.064497,-0.166821,-0.255633,0.41016199999999997,0.076405,0.009891,-0.121873,0.21580700000000003,0.366735,-0.31307199999999996,0.0,0.986676,0.395569,0.916256,0.217623,-0.564873,0.359242,-0.219052,-0.196881,0.05691,0.089804,0.298142,-0.25725,0.015908000000000002,0.06258,0.23282399999999998,-0.653468,-0.257956,-0.052624000000000004,-0.063552,-0.573347,-0.0002,0.492329,0.096177,-0.238853,-0.077276,-0.075475,0.430683,1.491571,-0.156614,0.592585,-0.13679000000000002,-0.27424299999999996,-0.16051500000000002,-0.002379,0.008203,-0.087377,0.30759200000000003,-0.479338,-0.07534199999999999,-1.636351,-0.617921,-0.078529,-0.26921999999999996,-0.019306999999999998,-0.589776,-0.7275119999999999,-0.393421,0.158219,0.349502,-0.33373800000000003,0.69676,1.472465,0.907568,-0.148222,-0.164857,-0.38797800000000005,-0.660605,-0.082969,-0.054768,0.090567,-0.13505,0.28477399999999997,0.0035380000000000003,0.570878,0.43762299999999993,0.266621,-0.167526,1.296633,-0.338226,-2.1800450000000002,0.49386199999999997,0.22611599999999998,-0.28712,0.346103,-0.5410189999999999,0.938573,0.041027,0.400441,-0.34108099999999997,0.16128,-1.3698620000000001,0.546351,-0.054207000000000005,-0.503433,-0.415066,0.157472,0.283331
RKO,0.478105,0.145031,1.325573,1.703181,1.534449,1.587823,1.563114,-3.606157,0.145738,-1.8310240000000002,-3.3713699999999998,-1.026194,-0.055975,-1.0589030000000001,0.622252,3.2696810000000003,2.690667,-0.20911799999999997,0.329244,0.47288900000000006,-1.188927,-0.038308,0.22865100000000002,1.528728,-2.8470459999999997,1.1966299999999999,0.972938,0.27106199999999997,-0.11387699999999999,-2.129171,1.507852,0.747603,0.203587,-0.660479,-3.277743,-0.201087,-0.863634,0.49541599999999997,-0.888747,-0.558399,-0.140921,0.248252,-0.052715,-0.26014,0.176616,0.8573559999999999,-1.9861970000000002,-0.8641559999999999,0.099402,-0.14158199999999999,-0.582557,-3.178591,-0.572789,0.564077,0.278403,1.8181209999999999,-1.031574,-0.121992,0.41489799999999993,0.016205,0.422455,-0.105478,1.27809,-0.002708,0.403654,0.199401,-0.47676,0.10628900000000001,1.2836610000000002,-2.0875340000000002,-1.059931,2.084658,1.240258,-0.650255,-1.830815,0.043970999999999996,1.8031990000000002,-3.962818,0.041012,-0.244164,0.021194,1.597877,-0.66137,-2.363929,1.148792,-1.610001,0.007692,-0.273361,1.063199,-0.235609,-1.01595,1.069458,-1.009233,0.559055,1.185106,1.677488,0.9512290000000001,0.28652,-0.108537,-0.673759,0.08340800000000001,-0.688588,0.337779,2.009018,-0.326151,-0.387462,-1.466901,0.8728299999999999,0.9068870000000001,-1.409009,1.112608,2.677473,-1.038111,-0.167101,1.255665,1.5834549999999998,-0.793791,0.11853399999999999,-0.44750200000000007,-0.480832,-3.970277,-1.884416,-0.937292,-2.371255,-0.5194840000000001,0.5882,-0.880251,-0.44425299999999995,-1.790462,0.19601300000000002,-0.46104700000000004,-0.111222,0.749054,-0.248117,0.202645,-0.07270700000000001,1.540485,1.976539,2.2814650000000003,-0.14967,-1.050772,0.10956800000000001,0.40333,0.05996,0.035431,0.6485890000000001,3.7355379999999996,-0.330158,-0.32852600000000004,2.17021,-2.0302990000000003,-0.897437,-1.627448,0.95235,-0.11666800000000001,-0.415157,-1.055311,0.658676,-1.4904540000000002,0.018144,0.300767,0.196346,0.349555,0.5642550000000001,0.665506,0.386071,-1.295847,-0.034731,-1.634959,1.643001,-1.3975,-0.911592,-1.7731810000000001,-1.915348,-1.936923,-0.178598,-0.05821799999999999,0.771101,0.8341770000000001,0.08387,-0.011897,-0.975844,-0.10260699999999999,-0.349835,0.805502,0.285494,-0.594828,-0.056014,0.06737,0.8776510000000001,0.672686,1.563069,-2.296037,-0.7934399999999999,0.651379,0.760458,1.522571,0.108142,-1.5909799999999998,1.7034060000000002,-0.6577890000000001,-0.27145,0.687343,-3.3689910000000003,-0.329669,-0.19966099999999998,-1.900657,-1.825711,-0.005829,-1.8228259999999998,0.476234,1.315619,0.38348699999999997,1.614592
A2780,-0.112724,0.079082,-0.43116099999999996,0.753555,1.025781,1.3570879999999998,0.44851199999999997,1.171533,-0.36258,1.2412379999999998,1.34047,-0.60148,-0.10431700000000001,0.520465,0.157331,2.036728,1.5636809999999999,-0.581854,-0.29752399999999996,0.22075799999999998,-1.920736,-0.26200300000000004,-0.051937,2.279348,0.998341,-0.536133,0.46412600000000004,-0.2018,0.17031500000000002,0.225698,0.666966,0.178058,-0.15368900000000002,-0.003971,-1.197236,-0.22286999999999998,-0.601943,0.07673300000000001,-1.5151,-0.7961010000000001,-0.43536499999999995,-0.536674,0.16278499999999999,-0.358732,0.116468,-0.324088,1.145341,0.7597649999999999,0.5290279999999999,0.4804,0.155752,-2.953479,0.122054,-0.169179,-0.7236319999999999,0.759428,0.266345,-0.04845,0.8995340000000001,0.066174,0.208774,-0.5595760000000001,-0.162663,0.165418,-0.152302,0.938809,-0.057812999999999996,0.008582,0.20524099999999998,0.059685,-1.4686700000000001,0.46178100000000005,-0.15036300000000002,-0.8819940000000001,-0.250194,0.074589,0.399887,0.18542,-0.122472,0.17041800000000001,-0.145612,-0.298063,-0.009772,0.135967,0.11043599999999999,-0.6189979999999999,-0.277185,-0.182949,-0.907061,-0.7010460000000001,-0.24665399999999998,-0.699969,-0.5346989999999999,0.0015630000000000002,0.080264,0.717025,0.460786,0.134747,-0.190813,-0.732946,0.030869999999999998,-0.002779,-0.187002,1.0925120000000001,-0.085187,-0.504317,0.265314,-0.28984,0.132881,0.8177399999999999,0.45577399999999996,0.659977,0.34822600000000004,0.964844,-0.145074,0.30944099999999997,0.057816,0.009144,0.9570780000000001,1.010359,0.36817300000000003,0.20111800000000002,-0.085787,-0.870526,0.05984,-0.186648,-0.8646149999999999,-1.3201399999999999,0.000122,0.22888200000000003,-0.534954,-0.47532299999999994,0.352765,-0.041524,-0.092565,-0.11541199999999999,0.057731,0.17175,-0.035266000000000006,-0.273596,-0.382227,0.44910600000000006,0.853506,-0.008579999999999999,-0.042497,0.6143689999999999,0.44629300000000005,0.288086,-0.151359,0.17075,0.12390599999999999,-0.24892399999999998,-0.06954400000000001,-0.27568200000000004,0.174083,0.20136500000000002,0.032625,-0.901234,-1.493773,-0.48147299999999993,-0.089417,0.6055149999999999,-0.0029739999999999996,0.429183,-0.356683,-0.465292,-0.11668800000000001,-0.4392,0.155529,0.110321,0.469599,0.045529,-0.307817,-0.020985,-0.767811,-0.061485000000000005,0.069967,-0.369865,-0.5302399999999999,0.31958000000000003,0.086374,0.226452,0.202933,0.360072,-0.174004,0.07564,-0.117658,0.184159,-0.244061,-0.178344,0.929666,0.5827060000000001,0.010407,-0.41739799999999994,-1.256976,-0.15398299999999998,-1.984806,-0.195191,0.52828,0.658499,-0.34708,0.253031,0.063644,0.22530300000000003,0.045195,-0.297502,-1.6403150000000002,-1.419885,0.583132,0.071216,0.306154,0.29162,-0.046844,0.001066
UACC62,0.558284,0.204378,0.470174,0.876202,0.9302790000000001,1.061549,0.613679,-0.181411,-0.409254,0.7889079999999999,0.363794,-0.034281,0.473364,-0.162856,1.732594,1.9103459999999999,1.527508,-0.726584,0.373841,0.592618,1.442736,-0.36604699999999996,-0.062502,0.054013,0.812014,0.320993,-0.10823800000000001,0.380652,-0.16201300000000002,-0.333767,1.377089,-0.32121,0.602328,0.27818200000000004,-0.736887,-0.040764,1.511942,0.071586,-1.126946,-0.777506,-0.448879,-0.64932,0.128031,-0.245085,-0.27921399999999996,-0.42098100000000005,-0.338093,-0.032882,-0.20746900000000001,-0.19338,0.172818,-0.968298,0.251469,-0.595075,-0.277658,0.809607,-0.9415540000000001,-0.132267,-0.126449,0.179044,-0.288477,-0.45258100000000007,-0.22338899999999998,-1.253774,-0.013427000000000001,1.1435600000000001,-0.5031180000000001,-0.153324,0.665802,-0.1523,-1.752313,1.8902330000000003,0.495828,-0.556509,-0.856727,-0.060461,-0.165546,-0.38403899999999996,-0.36181199999999997,-0.112703,0.42083999999999994,1.244659,1.231493,0.435651,0.5254850000000001,-0.956018,-0.272308,-0.044119,0.615119,0.602173,1.65815,2.452868,-0.473728,-0.25755100000000003,-0.071423,1.3471819999999999,1.449919,0.530054,-0.36038400000000004,0.64974,-0.16203499999999998,-0.256452,-0.100094,1.195165,-0.5432100000000001,-0.036993,0.321703,-0.217748,0.18027,0.44640100000000005,-0.074424,2.058576,1.42959,0.41055,0.114474,2.294301,-0.008129,-0.24391999999999997,-0.880957,-0.417016,0.341127,0.505418,0.23788,0.5289020000000001,0.648479,-0.389862,3.568916,0.618023,0.859289,-0.484629,1.045118,-0.245495,0.444986,-0.073898,-0.321988,-0.030407999999999998,-0.12117699999999999,-0.053074,0.560737,-0.488397,-0.027117000000000002,-0.256902,0.126462,0.15654500000000002,0.375771,1.0860670000000001,-0.22820300000000002,-0.8753200000000001,2.087326,0.21372600000000003,0.345619,-0.139735,-0.426461,0.48793100000000006,3.024134,-0.071886,0.357577,0.6192949999999999,0.38047800000000004,0.6929,1.313988,1.248839,-0.030749000000000002,0.74407,-0.44552600000000003,0.819974,-2.929087,-0.39963200000000004,-0.250643,-0.946048,0.445341,-0.339699,0.457429,0.32604299999999997,-0.41338400000000003,0.166995,-0.202287,0.553845,0.415108,-0.23012399999999997,-0.258959,-0.417322,-0.5446850000000001,-0.718366,0.16072899999999998,-0.315983,0.282771,-0.5372239999999999,0.8190430000000001,-0.6949390000000001,-0.12106300000000002,-0.52887,0.8013560000000001,0.572282,1.7737740000000002,-0.504733,-2.355354,0.9710709999999999,0.16301,0.7619199999999999,0.616729,-0.094287,0.804796,-0.42314300000000005,0.178054,-0.46433800000000003,-1.643493,-2.6814,0.18373699999999998,0.44922799999999996,-0.559449,-0.46989,0.070761,1.033858
HT29,0.735388,0.081205,0.6545380000000001,-0.525638,-0.26710900000000004,-0.861252,-0.857916,0.154948,-0.35624,1.811636,1.625114,-0.796562,-0.034035,-0.597512,0.029082999999999998,0.6356109999999999,-0.24058000000000002,0.616777,0.224746,-0.473916,-0.150544,-0.14138199999999998,-0.07635499999999999,-0.642935,-1.667193,-2.5488169999999997,-0.21580700000000003,-0.327788,0.211527,-0.560433,0.451546,-0.68838,1.014578,-0.10070499999999999,-0.258424,-0.349312,1.040375,0.620978,-0.362104,-0.12928,-0.050450999999999996,-0.546697,0.084509,0.000147,0.272474,-0.051892999999999995,-0.582782,-0.293437,0.028952999999999996,0.0,0.33045,-2.3469889999999998,0.1143,-0.220096,0.310888,1.1965270000000001,0.7147640000000001,-0.171756,0.778686,0.039139,0.374859,3.094961,-0.21510500000000002,0.29437399999999997,-0.015024000000000001,-0.07725499999999999,-0.143265,-0.229515,0.353003,-0.27831500000000003,4.50994,1.524144,-1.417519,-0.685722,-1.0677889999999999,0.185385,0.7519979999999999,-2.04405,0.069722,0.36292800000000003,-0.023198,0.317101,0.6891550000000001,0.557728,-0.9623729999999999,-1.23607,0.012088,-0.054504,-0.143878,1.5206110000000002,-1.9750869999999998,0.025162999999999998,-0.265766,-0.19675299999999998,0.35681799999999997,0.14285599999999998,-0.023625999999999998,-0.5889449999999999,-0.6139939999999999,-0.143949,0.199441,-0.24666999999999997,0.20764699999999997,1.450776,-0.27028800000000003,-0.610696,0.012522,0.084656,-0.313659,0.462178,-0.39866599999999996,0.8797809999999999,0.702781,-0.193609,0.894058,1.072467,-0.286004,-0.0747,0.10142899999999999,0.341984,0.203293,-0.011906,0.60424,0.91209,-0.017235,-0.278239,0.018141,-2.3197740000000002,0.257,-0.8098420000000001,-0.285957,3.136084,0.041061,0.032411,-0.235992,-0.21845900000000001,0.12784600000000002,0.540154,0.872858,2.2403880000000003,-0.251687,0.075085,-0.9704299999999999,0.632376,-0.08504099999999999,1.166419,-0.715444,-0.47300299999999995,-2.048013,0.408493,0.878099,-0.293376,0.153159,0.043358999999999995,2.3829860000000003,-0.07618899999999999,0.915587,-0.639977,-0.9342969999999999,-0.311873,0.852526,0.239717,-0.29644000000000004,-0.26496,0.126939,-0.308479,0.8458950000000001,1.888155,0.391662,0.878014,-0.21285900000000002,0.5651970000000001,1.002952,-0.212024,-1.143965,-0.6501640000000001,0.99166,-0.33464099999999997,-1.5533569999999999,-0.179385,-0.051144999999999996,0.210519,0.319821,-0.471833,0.348911,0.371241,0.63925,-0.41503500000000004,-0.43998100000000007,0.757065,-0.625826,0.569187,-0.059451,-0.45138,-0.543351,-0.093046,2.53288,-0.397557,0.8729540000000001,1.022427,0.925408,0.539862,0.29837199999999997,-0.38653000000000004,-0.431584,0.153705,-0.550707,1.632089,0.197457,-0.099527,-0.077882,0.34863,0.24018899999999999,0.368299
KPL1,-0.047316000000000004,0.167286,0.360075,-0.038319,-0.16808399999999998,-0.515986,-0.022373,0.319567,0.292042,-0.36306,0.300817,-0.961184,0.011170999999999999,-0.057335000000000004,1.938105,-0.233513,-0.21281,0.39241,0.196937,-2.0362310000000003,-1.4348049999999999,0.365553,2.45212,0.306374,-0.9334790000000001,0.023116,-0.032441000000000005,-0.26272199999999996,-0.134124,-0.158663,-0.014046000000000001,0.07750900000000001,-0.495766,-0.026407999999999997,0.156566,0.075935,-0.238746,0.009468,0.24603899999999998,0.29220300000000005,-0.13384400000000002,-0.13055999999999998,0.056701999999999995,-0.058609,-0.034817,-0.44788,0.6814819999999999,0.623826,-0.053030999999999995,-0.5612010000000001,-0.34449,-2.237274,-0.056121000000000004,0.213644,0.405742,-0.076175,-0.191184,0.015742,-0.510959,-0.10643599999999999,-0.060483,3.273937,-0.306249,0.40964399999999995,0.275345,0.376589,0.257575,0.06702899999999999,0.24107199999999998,0.003886,2.784828,0.110153,0.550357,-1.2423520000000001,-0.21086300000000002,0.064413,0.13658,0.335417,4.162259,0.604354,-0.142291,-0.6534,-0.381835,1.7274720000000001,-0.841867,0.155054,-0.004155,-0.07066599999999999,-0.472972,2.528361,-0.675934,0.547675,2.00046,0.428208,0.128361,-0.418512,-0.33365,0.18208,0.191211,2.36763,-0.073392,-0.077551,0.123471,2.056133,1.148835,1.09057,-0.291147,-0.225388,0.400124,0.282088,-0.8292440000000001,-0.374807,-0.713673,0.828284,-0.077032,-0.32803699999999997,0.25858600000000004,0.07987000000000001,0.233449,0.39069,0.277661,-0.026097000000000002,-1.006046,-1.54284,-0.6285310000000001,0.61957,-0.510223,-0.716398,-0.768187,0.527497,-0.098587,-0.877967,0.418263,1.08574,-0.022874000000000002,0.085901,-0.111937,0.16453099999999998,-0.87097,-0.139795,0.382666,3.3312769999999996,0.104271,0.16266,-0.109069,-0.41805200000000003,-0.825666,0.066358,-0.068016,-0.071511,-0.672038,0.540609,0.727477,-0.314291,-0.200483,-0.000727,0.173535,-0.343387,-0.535758,0.053625,-0.02358,0.383054,0.569121,-0.345065,0.0076430000000000005,2.505802,0.649381,1.6731080000000003,-0.293554,0.304278,-0.337242,0.052274,0.462954,0.24264499999999997,0.049754,-0.164403,0.32007399999999997,0.782022,0.819332,0.915545,-0.29341799999999996,0.331859,-0.081478,-0.750149,-0.179871,-0.035172,0.137391,0.15125999999999998,0.203986,-0.467534,-0.376921,-0.7875270000000001,-0.721233,-0.45309399999999994,-0.39016100000000004,-0.18168800000000002,0.34279499999999996,-0.086423,-0.9019510000000001,0.140022,-0.17086400000000002,0.0,-0.255134,0.362035,-0.165935,-0.0628,-0.46468400000000004,1.8758650000000001,0.076468,0.339339,-0.329252,-0.734866,-0.253651,0.027458999999999997
SKMES1,-0.34707899999999997,-0.240062,-0.040986,-0.418534,-0.31595700000000004,-0.283197,0.08768300000000001,-0.426246,-0.087496,-0.079773,-0.640343,-0.31172,-0.094832,-0.16187,0.37414400000000003,0.373569,-0.337543,-0.344736,-0.109516,0.63175,1.1187120000000002,0.046843,0.827,0.375919,-0.932048,-0.10449800000000001,-0.289752,0.147561,-0.127986,-0.21540399999999998,-0.030108999999999997,-0.149039,0.041399,0.49441199999999996,0.03218,0.265638,0.283464,0.045763,-0.9904870000000001,-0.700725,0.374576,0.70689,0.06402100000000001,0.023277000000000003,-0.104972,0.034561,-0.16414,-0.10605099999999999,-0.088523,-0.420717,0.164226,1.91763,-0.097066,-0.12288900000000001,1.749308,-0.182333,0.24857600000000002,0.720301,-0.395777,-0.100523,-0.07106900000000001,-0.232329,-0.166918,0.6639619999999999,-0.08633400000000001,0.11675,0.265563,-0.24986,0.186015,0.241269,-1.63333,-0.073295,0.439487,1.165582,1.522735,0.046846,-0.294323,0.6422979999999999,-0.155347,-0.082963,-0.104174,-0.190361,0.040213,-0.393065,0.02426,0.576024,0.003573,0.173509,1.534438,6.684597,-0.618488,-0.19405999999999998,-0.12477200000000001,-0.21396300000000001,0.012412999999999999,0.319008,0.22039099999999998,-0.649724,0.430213,-0.040254000000000005,-0.11751700000000001,0.09012300000000001,0.11696500000000001,-0.437871,-0.033359,0.512408,0.768928,0.280464,0.129919,0.142765,-0.081374,-1.165843,0.126096,-0.28444200000000003,0.319291,-0.081682,0.414405,-0.047746,-0.064627,0.133431,0.43229700000000004,0.290907,-0.255833,0.240142,0.008026,-0.032330000000000005,-0.11461800000000001,1.91582,0.349647,-0.09508,-0.709526,-0.656606,-0.9995450000000001,-0.36648800000000004,-0.050919,0.07138,-0.010217,0.052715,0.508757,-0.556926,1.524355,0.235879,0.5288470000000001,0.084859,-0.20041099999999998,-0.526993,2.289543,-0.096785,1.286467,-0.333548,-1.078637,-0.07595700000000001,-0.09808099999999999,0.082027,-0.10326700000000001,-0.08580499999999999,0.037163,2.195971,1.480422,0.749155,1.099048,-0.226423,-0.07926,0.380726,0.5680310000000001,0.43949099999999997,-0.369091,-0.530247,-0.30745900000000004,0.8928860000000001,0.530251,0.055185000000000005,1.0171729999999999,-0.172441,0.530644,0.564449,0.266302,1.6708599999999998,2.065271,-0.368786,0.144901,-0.473229,0.414602,0.523243,0.081341,-0.109181,0.430095,-0.22018400000000002,0.002229,0.097225,1.525023,0.08584,0.218505,-0.28970100000000004,0.475763,-0.20636100000000002,-0.7814949999999999,0.66501,0.548838,-0.213075,0.575264,-0.438518,0.192919,0.276359,0.241923,-0.135702,1.1824219999999999,-1.82562,0.200716,-0.069949,-0.2989,0.06858099999999999,0.261364,0.498832
NCIH520,-0.11903,-0.178458,-0.174623,0.778385,0.985726,1.136326,0.631023,-0.051431,-0.424612,1.2825090000000001,1.3052709999999998,0.715325,0.034032,-0.12526800000000002,-0.41301400000000005,-0.142224,0.12213299999999999,0.32609099999999996,0.0057280000000000005,0.12156700000000001,-1.573233,0.081635,0.371384,-0.72075,0.069293,0.29828699999999997,-0.315083,-0.256128,0.25993299999999997,0.020738999999999997,-0.140513,-0.300775,0.11603699999999999,-0.024738,2.151134,0.170694,-0.026386,0.065903,0.751887,0.619213,-0.15525,-0.16683,0.720676,-0.092542,0.120299,0.054625,1.255198,0.784217,0.19201300000000002,0.512173,-0.411225,-2.7285369999999998,-0.052551,-0.10851400000000001,-0.295464,-0.255243,1.253074,0.298642,-0.264459,0.013032,-0.085488,2.56783,-0.5356,0.8279299999999999,0.017399,0.311747,0.13308699999999998,-0.020209,0.16026400000000002,0.42156000000000005,2.8256639999999997,0.42594899999999997,0.21767199999999998,-0.954081,-0.892926,0.062791,0.26488,1.2127459999999999,0.198357,0.24006999999999998,0.290918,-0.445876,-0.416103,0.12213099999999999,0.43561000000000005,0.9932840000000001,-0.227421,-0.126032,-0.778227,-0.47203500000000004,-0.613649,0.627621,-0.627267,0.270109,0.24483600000000003,-0.596126,-0.659818,-1.360468,-0.8227389999999999,-0.431374,0.022052000000000002,-0.06927699999999999,-0.012837999999999999,0.8645870000000001,0.034526999999999995,-0.563812,0.117048,-0.361795,0.23483800000000002,0.459384,0.401918,-0.6201770000000001,-0.632775,-0.153368,0.905559,-0.133152,-0.44476800000000005,-0.08747200000000001,0.742736,1.151277,0.3963,0.131964,-0.43873500000000004,-0.967601,-0.05896799999999999,-0.087239,-0.300347,-0.349878,0.051615999999999995,0.263807,0.18065599999999998,3.113461,0.228107,0.039925,0.094876,0.25916999999999996,-0.194829,-0.14699600000000002,-0.12426300000000001,-0.48002399999999995,0.104122,-0.099566,0.676675,-0.179401,0.21785,-0.457366,-0.749278,-0.15401099999999998,-1.326329,-0.17749700000000002,-1.293858,0.020768000000000002,0.030655,-0.28586,0.059512,0.229221,-0.104996,-0.6559050000000001,-0.984065,-0.395571,-1.1924860000000002,1.0624790000000002,0.011391,-0.027044,1.569827,-0.21317199999999997,-2.421146,0.269399,0.131485,0.556535,0.187809,0.702818,1.362678,-0.13125599999999998,0.059109,-0.18433,0.059713,1.0293139999999998,1.041183,-0.248182,-0.116896,0.536636,-0.352588,-0.504288,0.206512,0.45966899999999994,0.188585,0.008177,-0.032780000000000004,0.047456,-0.57177,-0.762361,0.285315,-0.42161800000000005,-0.550859,-0.280909,4.497966,-0.047706,1.127561,-0.299769,-0.646502,-0.16955399999999998,-0.101337,0.38759699999999997,-0.189805,0.15826700000000002,-2.138519,-1.2851059999999999,0.260767,-0.6687569999999999,-0.48955299999999996,-1.0093020000000001,0.148804,-0.30764600000000003
ZR751,0.016493,0.060062,0.012891,0.56067,0.110576,0.709728,0.154407,0.066832,0.583501,0.8987350000000001,0.6136189999999999,-0.172264,0.189857,0.368861,1.0312700000000001,1.042823,1.213646,0.31864000000000003,-0.121143,0.42293000000000003,-1.186201,0.36707199999999995,2.457318,-1.7293150000000002,-0.43638699999999997,-0.102122,0.188244,-0.177688,-0.024516999999999997,-0.144626,-0.31854699999999997,1.369441,-0.318108,0.026633999999999998,0.240529,0.23499299999999998,-0.6390779999999999,-0.1061,0.9276780000000001,0.5641,0.15304600000000002,-0.42704899999999996,-0.017256999999999998,-0.221514,-0.11857899999999999,-0.594055,0.069012,0.11117300000000001,-0.09893400000000001,-0.036483999999999996,-0.21934099999999998,-3.0280419999999997,-0.035129,0.40879499999999996,0.573312,-0.084273,-0.7836380000000001,-0.225902,0.23045300000000002,-0.11851800000000001,0.033371,3.300933,-0.091949,-0.839565,-0.256756,-0.046064,0.002071,0.013637999999999999,0.497395,-0.300883,3.9266550000000002,-0.5086930000000001,0.114349,-1.194442,-0.321155,-0.170491,0.24354800000000001,-0.836231,3.8681379999999996,0.7115739999999999,0.133624,0.149115,-0.324129,2.745838,-1.110566,-0.24844699999999997,0.15851099999999999,-0.12105899999999999,-0.739821,1.529558,-1.025449,1.6176139999999999,3.664128,0.098829,0.105149,0.26356999999999997,-0.036163,1.246305,0.419732,0.72568,-0.206603,0.07153,0.193221,0.939107,0.548952,0.097096,-0.33925900000000003,0.046379000000000004,0.40087,-0.381094,-0.776992,0.32318800000000003,0.048274,0.038111,-0.17920999999999998,-0.171902,-0.261561,0.032228,-0.079509,-0.37854299999999996,0.377023,0.206494,-0.5932390000000001,-0.9038120000000001,-0.43611099999999997,0.129205,-0.7366550000000001,-0.803852,0.266497,-0.31348400000000004,0.024982,-0.5452199999999999,0.790021,0.661249,0.374526,-0.16228599999999999,0.063903,0.08406,0.013827,-0.299308,-0.359248,0.34624499999999997,0.16704000000000002,0.158531,-0.012545,0.299496,-0.457147,0.318241,-0.57196,-0.197019,2.725867,0.5982729999999999,0.832735,-0.119565,-0.076197,-0.211154,-0.08683099999999999,-0.761861,-1.0865360000000002,-0.146862,-0.180334,-1.2318959999999999,0.394416,-0.22146500000000002,0.39368800000000004,2.75815,-1.163806,1.7117580000000001,-0.478117,-0.044458,0.447409,-0.31953899999999996,-0.730438,-0.066449,-0.027242000000000002,-0.16180999999999998,0.41771899999999995,-0.689886,-0.549643,1.922764,-0.0228,-0.08918200000000001,0.534935,0.036709,0.043082999999999996,0.23588800000000001,-0.256864,0.064541,-0.156315,0.073443,-0.51963,0.48929399999999995,0.45391499999999996,-0.302481,-0.766883,-0.134043,1.4363780000000002,-0.6700010000000001,-1.439001,-0.14460499999999998,-0.33686900000000003,0.0072569999999999996,-0.365869,0.14868699999999999,0.135892,0.475625,0.39304,3.437282,0.021247,0.361482,-0.548018,-1.669676,-0.18276099999999998,-0.312168
VCAP,-0.043391000000000006,0.192179,0.014609,0.261586,0.787726,0.6675220000000001,0.146422,0.48400600000000005,0.35163,2.9373299999999998,2.701015,0.6393399999999999,0.357267,0.566385,0.0024879999999999998,-0.527416,-0.579314,0.5194340000000001,-0.326369,0.051739999999999994,-0.5243359999999999,0.5368149999999999,5.661683999999999,-0.694395,0.520303,1.781259,1.0096399999999999,-0.032066000000000004,0.188144,0.183595,-0.49137,0.047848,-0.295043,0.009309999999999999,1.159742,0.538086,-0.637049,-0.1898,0.6429189999999999,0.28964,0.395835,-0.044885,0.539813,-0.148786,0.10361400000000001,-0.332549,1.241723,0.729436,-0.028467000000000003,-0.009741,-0.140466,-2.5096,0.028013,0.47325200000000006,-0.347087,-0.273597,1.1300139999999999,0.10445,0.111625,0.164011,0.39392699999999997,1.257609,-0.526927,0.49313900000000005,-0.444687,-0.21231799999999998,0.115922,0.27676,0.7664770000000001,-0.027828,4.434735,-0.636356,0.17516099999999998,-0.956108,-0.23581999999999997,0.002375,0.359426,1.306693,0.801068,0.273323,0.22813899999999998,-0.39068200000000003,-0.358622,2.331251,-0.775237,0.9472940000000001,0.539772,0.084691,-0.532199,-0.46775200000000006,-0.9919030000000001,-0.371162,-0.236761,0.110549,0.003768,-1.064296,-1.2303030000000001,-0.897323,-0.40985600000000005,-0.341425,0.001207,0.262392,0.012054,2.502027,0.687706,0.013257,-0.242552,-0.084721,0.49940200000000007,0.676818,0.201958,-1.090043,-0.595725,-0.142126,-0.033892,-0.699229,-0.025710000000000004,0.15748399999999999,-0.364793,-1.0348709999999999,0.690118,-0.262828,-0.17871900000000002,-0.839878,-0.32396199999999997,0.13850099999999999,0.9283889999999999,0.714154,-0.9502430000000001,-0.19678299999999999,0.069499,-0.225478,-0.146293,0.47533800000000004,0.389521,-0.061778,-0.024273,0.093034,0.060030999999999994,0.740326,-0.464525,0.523476,-0.542453,-0.07713099999999999,-0.069989,-0.34679499999999996,-0.42695500000000003,0.058695000000000004,-0.682424,-0.17523,0.012985,0.012545,-0.41548100000000004,-0.061787,0.062276,-0.034417,-0.054726,-0.31142600000000004,-0.24840500000000001,0.258159,-0.313684,0.149612,0.07141499999999999,0.16353199999999998,0.10525799999999999,0.531022,0.692332,0.46263699999999996,0.045881,-0.062651,-0.010799,-0.361849,-0.586634,0.030650999999999998,0.266396,-0.291356,0.11886500000000001,-0.678666,-0.189342,0.593147,0.174529,0.26124899999999995,0.261036,-0.196179,-0.054826,0.109668,-0.22100799999999998,0.954788,0.030764,1.561121,-0.293562,1.269041,-0.411063,-0.44292200000000004,-0.009907,-0.105369,1.200237,-0.370265,-0.356352,-0.23642399999999997,-0.13756600000000002,-0.095247,-0.28326599999999996,-0.08607000000000001,-0.085586,0.9006209999999999,1.265586,0.260966,-0.02395,0.13279100000000002,-0.110872,-1.6631610000000001,-0.065212,-0.43013199999999996
RPMI7951,0.579504,0.182232,0.41411000000000003,0.749829,0.105347,0.44291,0.886782,0.113353,-0.49118500000000004,-0.5010899999999999,-1.060006,-0.159143,-0.027575,-0.459863,0.288078,1.748841,1.446026,-0.36956,-0.111436,0.529812,1.400898,-0.05801,1.220644,-0.334783,-0.018108000000000003,-0.198318,-0.524881,0.424918,0.085717,0.21668400000000002,0.8890120000000001,-0.255815,0.806966,0.081454,-0.679762,-0.0056700000000000006,2.027813,-0.028787,-0.820091,-0.467008,0.126592,-0.098126,0.338109,-0.288595,-0.14996800000000002,-0.478558,0.211444,-0.015375,-0.044691,0.385725,0.615336,3.889478,0.3806,-0.529875,0.08042300000000001,-0.097924,-0.91014,-0.23451,-0.322247,-0.083354,-0.060538,-0.69401,0.520785,-0.358096,0.48477200000000004,-0.6585,-0.23711100000000002,0.098593,0.308253,0.370463,-1.58907,1.650521,0.695537,0.384475,-0.40621199999999996,0.03419,0.055991,0.135257,-0.373055,-0.12297899999999999,0.12703699999999998,0.771766,1.1580409999999999,-1.608355,2.556956,-0.41071899999999995,0.075405,0.019174,1.0822969999999998,0.560025,0.156976,0.602901,0.41066099999999994,-0.283736,0.020944,-0.29644699999999996,-0.394041,0.25397600000000004,-0.229086,-0.54501,-0.10929100000000001,0.019958,0.024268,-0.032664,-0.48045,0.732955,-0.069075,-0.352181,-0.194879,0.152838,-0.11502799999999999,0.5368189999999999,0.254006,0.470526,0.6715939999999999,0.84085,0.41441000000000006,-0.15755999999999998,-0.46388999999999997,0.13730599999999998,-0.57499,-0.386123,0.484849,1.7155470000000002,0.609434,-0.273435,1.084871,0.186891,0.25369,-0.615402,0.196819,1.8690229999999999,0.474833,-0.084493,-0.23185300000000003,-0.04068,0.48271899999999995,0.642063,0.05355599999999999,-0.886008,-0.493172,-0.208308,-1.0552059999999999,-0.687656,-0.316845,-0.309628,2.418114,-0.431874,0.599342,0.566662,0.061679,-0.211941,-0.499482,0.9745450000000001,3.396176,0.053029999999999994,0.7993859999999999,0.372755,0.063092,-0.022807,-0.197963,0.335803,-0.09468700000000001,-0.024855000000000002,-0.078532,-0.38400100000000004,-3.1964930000000003,-0.467366,0.728553,-0.569608,-0.406564,0.191916,-0.43400299999999997,-0.258687,-0.332893,-0.22490700000000002,-1.083932,-0.23545500000000003,-0.065821,-0.331959,0.404931,-0.215252,-0.42340600000000006,-0.754108,0.374157,0.013642,0.31727,-0.075365,-0.311116,-0.327871,-0.635861,-1.342254,-0.383801,-0.768465,0.412401,0.085736,-2.058046,1.216387,0.474175,-0.011811,3.744992,0.306496,1.091918,-0.28225,-0.27477399999999996,-0.38459099999999996,0.46223100000000006,-2.401854,0.044395,0.244691,0.630332,1.5258559999999999,0.522568,0.078223
NCIH23,0.184626,-0.142102,-0.219248,-0.1127,0.46504700000000004,0.066325,0.040592,0.724631,-0.164751,-0.781204,0.649927,0.437075,0.0371,0.6456310000000001,-0.67605,-0.405343,-0.654562,-0.277444,0.0038799999999999998,-0.626366,-0.132806,-0.18781,0.184069,0.558723,-2.007343,-0.031973,-0.23744899999999997,-0.408661,0.16761700000000002,0.164292,0.132938,-0.15095,-0.56988,0.234244,-0.5828939999999999,-0.156303,1.545073,-0.09301799999999999,0.070654,0.060427999999999996,-0.022865,0.08089,1.171296,0.185745,0.077779,0.9238280000000001,0.34934,0.173441,0.445208,0.12198900000000001,-0.456625,0.505012,-0.105823,-0.18073499999999998,1.429799,0.8308780000000001,0.648284,-0.139159,-0.014591,0.372638,0.42490600000000006,-0.467124,-0.9163209999999999,1.6352280000000001,-0.026224,0.997991,-0.370816,0.000223,0.054699,-0.484196,2.0081279999999997,0.318558,0.305704,0.00011399999999999999,-0.758541,0.056486,-0.199965,0.122591,0.047202999999999995,0.06467300000000001,0.0050810000000000004,-0.349094,-0.268364,0.127701,-0.327024,1.532822,-0.13180799999999998,-0.216626,0.064551,-0.36686199999999997,-1.160188,-0.69845,1.300258,-0.062959,-0.48666499999999996,-0.7531899999999999,-0.602979,-0.345688,-0.482047,-0.280764,-0.088035,0.33410100000000004,0.328575,2.027229,-0.3235,0.465408,-0.23040500000000003,-0.187575,-0.7019489999999999,0.199197,-0.7858149999999999,0.452288,0.285594,-0.28087,-0.5750270000000001,0.130003,1.446389,0.068898,1.192911,1.263955,0.429569,0.20421199999999998,0.055560000000000005,-0.9683950000000001,-0.397514,0.20397,1.7460099999999998,-0.408235,-0.079029,0.166884,0.0025559999999999997,0.459671,0.12707000000000002,0.061071,0.064678,0.048076999999999995,-0.344376,-0.529646,-0.419462,1.377767,-0.8203379999999999,0.094861,0.9863360000000001,-0.110174,0.285148,0.024472,-0.366448,-0.194171,0.678655,-0.20636500000000002,-1.214423,-0.219108,-0.323151,-0.018849,0.010794,-0.272036,-0.362018,-0.418224,-0.573919,-0.068641,-0.553559,-2.053193,0.06943300000000001,0.432733,0.074952,-0.350648,-0.012284999999999999,-0.335093,0.11551099999999999,-0.009754,-0.052722000000000005,-0.080734,0.7222890000000001,0.172145,0.6068859999999999,0.283188,0.073818,1.20186,1.2971270000000001,-0.110299,0.322492,0.538261,-0.216221,-0.784037,-0.40475300000000003,-0.33021799999999996,0.089276,0.013649000000000001,0.36515,0.28977800000000004,-0.493079,-0.046908,1.172949,0.30546999999999996,-0.9225969999999999,0.047695999999999995,-1.625054,0.069836,-0.197419,0.8452040000000001,0.213407,0.48405,-0.10468800000000002,-0.202227,-0.513305,-0.14444200000000001,-0.8874479999999999,-0.018237,-0.3263,-0.401509,0.6752560000000001,0.671312,-0.15824000000000002,0.361128
ES2,-0.11221400000000001,-0.18571,-0.14064200000000002,0.5720649999999999,0.834857,0.8391700000000001,0.372067,0.468713,0.325736,0.066206,1.277025,0.135711,0.07610800000000001,-0.159994,-0.064469,-1.088381,-0.958363,-0.19958800000000002,-0.227473,-0.967441,-0.330744,-0.24111999999999997,0.8027989999999999,-0.21812399999999998,0.37798699999999996,-0.142834,0.151013,-0.335321,0.04384,-0.060839,-0.250312,0.706154,-0.419789,0.073928,-0.654968,-0.031412999999999996,-0.294317,-0.086628,-0.804955,-0.6600090000000001,0.097853,0.569775,0.675484,0.019483,-0.074813,0.339099,0.440518,0.09769299999999999,-0.12475399999999999,-0.415836,0.081009,3.486918,-0.004288,-0.034557,0.311334,-0.238713,0.390306,-0.341607,-0.24649899999999997,-0.085631,0.767401,-0.7711819999999999,-0.548702,0.708814,-0.171971,-0.163435,0.137317,-0.0055969999999999995,-0.26842699999999997,0.009951999999999999,-1.376835,0.24137600000000003,-0.00861,1.728188,-0.45476099999999997,-0.078085,-0.320585,0.430896,0.121967,-0.081842,-0.12929300000000002,-0.233411,0.073645,0.46158599999999994,1.692898,0.17968800000000001,0.07963300000000001,-0.156717,3.175249,-0.42465699999999995,-0.732649,-1.396312,-0.6557970000000001,-0.081538,-0.32660100000000003,-0.9277270000000001,-0.808814,-2.028841,-0.712079,-0.45959700000000003,-0.22135700000000003,0.310265,0.024268,-0.5399109999999999,0.155122,0.6299560000000001,0.303356,-0.35827800000000004,-0.300105,0.610833,-0.8544219999999999,1.032001,-0.321322,0.374823,-0.024523,0.791569,1.0770620000000002,0.08079700000000001,0.300692,0.256706,0.155223,-0.20946700000000001,0.856284,-0.144003,0.24530300000000002,0.0053479999999999995,-0.995849,0.43170699999999995,1.34905,-0.198225,0.205607,2.670577,0.310607,0.049234,0.165911,0.03273,0.245921,0.668717,-0.496953,1.700475,-0.46842399999999995,-0.01325,0.02585,-0.211317,0.054029999999999995,0.18778599999999998,4.527878,-0.23224499999999998,0.162826,-0.052699,0.742636,-0.032983,-0.20780300000000002,0.35462,0.049352999999999994,0.257271,0.238704,0.48148199999999997,0.5601010000000001,-0.086688,0.110437,-2.441721,0.018165,-0.612928,0.301637,0.9572,-0.25733,-0.15338800000000002,0.07305,0.33215900000000004,0.190132,-0.070783,-0.135239,-0.6222770000000001,0.026920999999999997,-0.25056999999999996,-0.290655,0.068815,-0.611328,-0.020552,0.675277,0.051509000000000006,-0.087038,-0.571796,-0.13151,-0.11486400000000001,0.24876700000000002,0.15193199999999998,-0.011781999999999999,0.226597,-0.6150720000000001,0.658944,-0.79952,-0.7665420000000001,-0.06746100000000001,-0.02482,-1.5126540000000002,-0.42403900000000005,-0.193774,-0.177887,1.760173,0.257422,-0.107024,-0.00944,-0.52937,0.084401,0.44658100000000006,-2.080347,0.104026,-0.297479,0.288206,1.7385830000000002,0.172327,0.136769
NCIH2122,0.20433099999999998,0.131999,0.859265,0.22584899999999997,0.657333,0.959575,-0.039997000000000005,-2.6823069999999998,-0.002234,-0.397138,-0.36404699999999995,-1.2216069999999999,-0.370601,-0.769708,-0.116632,-0.43660299999999996,0.071353,0.256988,0.264392,-0.50264,1.3666770000000001,0.884101,0.157656,-0.174739,-3.3201730000000005,-0.34686,-0.8365,0.163125,-0.5794090000000001,-1.454339,1.021102,-0.399516,0.316176,0.143012,-0.909228,-0.620163,0.8780870000000001,-0.016497,0.006462000000000001,-0.033868999999999996,0.196269,-0.37630399999999997,0.311578,-0.088835,0.016151,-0.383276,-0.949586,-0.582025,-0.018803,0.552685,0.301658,0.191331,-0.317207,-0.658752,1.404633,0.275283,-0.304917,-0.602196,-0.27561199999999997,-0.45183900000000005,-0.243716,5.394229,0.066277,0.8290219999999999,0.311737,0.356256,-0.518229,-0.411763,1.095438,-0.814842,2.3521959999999997,1.539979,0.6473369999999999,1.055778,1.21319,0.122867,0.8973549999999999,-2.155654,0.192471,-0.485925,0.15980899999999998,0.379371,0.468883,0.5531729999999999,-1.175316,-0.9897549999999999,-0.216054,-0.625283,0.578645,3.526844,0.373825,0.875642,0.638975,-0.20534699999999997,0.400346,0.490076,-0.043735,2.124039,1.345766,0.588499,-0.026287,-0.034434,0.143304,1.273301,0.758881,-0.001048,-1.265236,0.343093,0.520863,-0.517324,0.8156220000000001,0.975405,0.19261199999999998,-0.09801499999999999,1.0879729999999999,1.308869,0.097035,-0.43321499999999996,-0.422073,-0.11967799999999999,-1.473077,-0.6266520000000001,-0.306998,0.348821,-0.076461,-0.330169,-0.8575870000000001,1.3319239999999999,-0.693034,-0.009406,0.5488649999999999,-0.279917,0.529846,0.36836599999999997,0.020027,-0.679887,0.298229,0.471282,1.2154459999999998,-0.479901,0.7127060000000001,0.575875,0.619536,-0.282031,-0.123619,-0.41537700000000005,0.746105,-0.553446,0.44838,1.200081,-0.936301,-0.12342,-0.07360499999999999,0.071406,1.434091,-0.471909,-0.188022,-0.051832,-0.223935,0.073751,-0.274177,-0.124616,0.321256,0.510163,1.241823,-0.178393,0.049477999999999994,0.244932,-0.974081,0.11068299999999999,-0.7355520000000001,-0.6073149999999999,-0.711592,-1.8823470000000002,-1.0019790000000002,-0.280522,-0.18053699999999998,0.293279,0.394938,0.496594,-0.222775,-0.615892,0.48381899999999994,0.395529,0.771829,-0.457917,-0.025924000000000003,-0.370305,-0.25255,0.499354,0.21455300000000002,0.512807,-1.20668,0.178594,-0.23348400000000002,0.015868,1.262715,0.34626799999999996,0.001778,1.5497379999999998,1.6624290000000002,-0.528429,0.910449,-1.175216,-0.47040600000000005,-0.132665,-0.200621,0.790304,-0.479675,-0.596793,0.07873200000000001,1.108945,0.549235,1.025822
NCIH460,0.023681,0.067874,-0.117297,-0.03299,-0.759737,-0.634732,-0.019629,-0.455226,-0.0619,-0.9266719999999999,0.088112,0.482196,0.25132899999999997,0.064037,-0.6865680000000001,-0.484241,2.0063299999999997,0.6456850000000001,0.9589989999999999,-1.551052,-0.23045500000000002,0.714825,0.788568,0.420554,0.173549,-0.773153,-0.519494,-0.08719500000000001,0.857216,-0.715679,-0.12980999999999998,0.535173,0.531083,0.11139,0.575908,-0.006083,0.851325,0.5020859999999999,-0.603973,-0.25747600000000004,0.5858979999999999,0.323902,-0.20724800000000002,-0.051546,0.15582000000000001,-0.041315,-1.535831,-0.810435,-0.030404,2.434625,0.138766,3.782546,0.11060199999999999,0.11612,-0.384903,1.3604610000000001,-0.10481300000000002,-0.032133999999999996,-0.156497,0.11411400000000001,0.24144699999999997,0.280172,0.207263,-0.5379079999999999,0.075322,-0.258521,-0.20117100000000002,0.068017,0.024212,-0.663153,-0.314424,0.857351,-1.387561,0.28330700000000003,-0.204691,0.200246,0.11349200000000001,-2.389555,0.095951,0.157208,0.24447,-0.235373,0.7190880000000001,0.278032,3.630985,-1.485368,-0.22301100000000001,-0.17135899999999998,0.080336,3.16847,-1.737194,0.409556,-0.154474,-1.738895,-0.500166,-1.159194,-1.089942,0.769323,-0.189222,-0.22719899999999998,0.381866,0.566972,0.09968300000000001,1.25179,-1.024263,-0.34703,0.12456800000000001,0.136624,0.04347,-1.081281,0.324112,0.549758,-0.353391,0.766813,-0.25098400000000004,0.781524,-0.021556,0.075637,-0.089088,-0.500305,-0.226012,-0.031101999999999998,0.8534510000000001,0.136347,0.46775200000000006,-0.046225,-0.39974699999999996,-0.907241,-0.02766,-0.15897999999999998,0.6597729999999999,-0.706649,0.472362,0.040983,0.014656,0.38674000000000003,-0.10002899999999999,-0.459308,-0.8697299999999999,-0.055768,1.3055459999999999,-0.41605299999999995,-0.400223,-0.5786100000000001,0.091738,0.111751,-0.166384,0.2463,-0.570124,0.141034,0.294627,-0.128531,-0.49111800000000005,0.045215,1.885609,-0.633844,0.24213600000000002,0.341861,0.381896,0.13356800000000002,-0.451128,0.627845,-0.207369,-0.24834699999999998,1.03925,-0.236727,1.420288,-0.08489,0.5126189999999999,-1.0901049999999999,0.037199,-0.26511799999999996,-1.444644,0.40481,-0.471021,-0.24428899999999998,-0.8161649999999999,-0.8977440000000001,-0.8837969999999999,0.246506,-0.15481199999999998,-0.036397000000000006,-0.108873,-0.540928,0.932116,-0.149175,-0.280598,-0.14105499999999999,-0.11427899999999999,0.8837729999999999,0.08264400000000001,0.726075,0.28521399999999997,0.002322,-1.31216,-0.131178,-2.707389,0.446065,1.167166,0.125237,0.097356,-0.562534,1.4558520000000001,-0.604344,-0.08916,-0.47062600000000004,1.8770099999999998,0.37365,0.25268,0.168011,-0.14793699999999999,-0.22177399999999997,0.28941500000000003,0.380079
SW837,0.438392,-0.248825,0.095112,1.262498,0.09308999999999999,1.488047,0.765677,0.48190200000000005,-0.343571,-0.323984,-0.42011800000000005,-0.895127,-0.343335,-0.058315,-1.129989,-1.0176129999999999,-0.771397,0.662842,0.209997,0.255927,-1.5671059999999999,0.336618,-0.21591799999999997,0.17819200000000002,0.017697,-0.606957,-0.839355,0.00213,-0.043441,0.18265,-0.032762,-0.783705,1.7729099999999998,-0.32006100000000004,1.552635,0.085536,-0.5100180000000001,0.22757199999999997,1.698952,1.43611,0.24385700000000002,-0.21834099999999998,-0.24316100000000002,-0.535592,-0.088107,0.444492,-1.621731,-1.002134,-0.068726,1.293017,0.23056500000000002,-0.799217,-0.0458,-0.388857,1.255947,1.808127,-0.39676300000000003,0.48279399999999995,-0.044294,0.14008900000000002,0.10280299999999999,4.058199,-0.212123,1.123797,1.444532,0.9837299999999999,-0.409227,-0.34277199999999997,0.08254700000000001,-0.044655,4.448589,-0.168188,-0.709125,0.17769200000000002,0.7864869999999999,0.130378,0.114424,-0.311085,-0.358619,0.079511,-0.163932,0.9172379999999999,0.724974,-0.5844699999999999,-0.912208,0.021601,-0.022515,0.12208800000000002,0.5696899999999999,2.0245349999999998,0.1641,-0.8650120000000001,-0.231632,-0.5374369999999999,-0.39709,0.012872999999999999,-0.31364200000000003,0.393205,0.32413200000000003,0.701704,0.09914099999999999,-0.052446000000000007,-0.127805,-0.008809,-0.46220500000000003,0.845198,-0.07894,1.3362690000000002,0.710874,0.137213,0.458229,0.658424,0.809992,-0.181194,0.32905700000000004,0.653754,0.526416,-0.057476,0.0011359999999999999,0.18732000000000001,0.353302,0.26060900000000004,-0.016482,-0.403105,0.08064199999999999,-0.304437,-0.40471999999999997,0.874343,-0.073076,0.150963,0.770688,1.7488139999999999,-0.315081,-0.111541,-0.20888800000000002,-0.20083900000000002,-0.557858,-0.963923,0.060739,2.5111310000000002,-0.308081,-0.058741999999999996,-0.283136,0.322827,-0.145506,-0.025842,2.285298,-0.41018999999999994,-0.089782,0.213248,-0.25998899999999997,0.011556,-0.19638,0.059705999999999995,2.238377,-0.5843079999999999,-0.608553,-0.7045140000000001,-1.08398,-0.346932,-0.550096,0.5093949999999999,-0.04225,-0.406343,0.261762,-0.44688199999999995,-0.247164,1.256299,1.565666,0.268818,0.178951,-0.373185,-0.74878,0.062598,-0.219446,-0.262033,0.413703,-1.6387919999999998,-1.766619,-0.06667200000000001,0.310643,-0.351071,0.30607399999999996,-0.101477,0.854892,0.180404,0.344624,-0.485073,0.050218,-0.017271,-0.553511,-1.172241,-0.45552600000000004,0.066582,0.479926,-0.358757,1.605508,-0.413892,1.231829,1.357633,1.8590389999999999,-0.206269,1.687341,-0.361742,-0.366385,-0.11818900000000002,1.8246209999999998,1.128838,-0.25414200000000003,0.307732,0.482608,0.925167,0.480494,-0.121679
HCT116,0.174725,-0.080959,-0.11448699999999999,-1.361618,0.018778,-1.228553,-0.44581800000000005,0.468578,-0.518178,0.336378,-0.062377999999999996,-0.38605700000000004,-0.418624,-0.15975799999999998,0.6239,-1.1524590000000001,-0.599359,0.097202,0.118657,0.252703,-0.23157199999999997,-0.6021890000000001,-0.41417200000000004,-1.163142,0.19739400000000001,-0.549467,-0.38512399999999997,0.20367000000000002,-0.039707,0.017016999999999997,-0.39127399999999996,-0.48457100000000003,0.36387600000000003,-0.133904,1.028385,0.084363,0.773017,0.121144,-0.7719159999999999,-0.567098,0.358848,-0.262815,0.708469,-0.19301600000000002,-0.051585,-0.43311000000000005,-0.07518,0.055932,0.079367,-0.028424,-0.287518,1.196006,0.17626,-0.349661,0.021279,-0.33881100000000003,-0.296786,0.102594,-0.352029,-0.09707,-0.375106,0.360425,0.11175,0.156674,0.375864,0.476933,-0.135188,-0.083214,-0.20338299999999998,0.511451,0.7069979999999999,0.250889,-1.3309950000000002,-0.365239,-0.062258,0.061012000000000004,-0.161384,-0.154861,-0.346853,0.010144,0.209434,2.0795630000000003,0.46535299999999996,0.08397400000000001,3.032095,-0.947507,-0.074361,0.139019,0.383974,-0.040034,0.306279,-1.382355,0.801769,-0.475242,0.15776199999999999,0.512217,0.25559699999999996,0.329405,0.051689,-0.284561,0.205783,0.16042599999999999,-0.055764,2.0263720000000003,-0.24428699999999998,0.569024,0.016481,-0.118952,1.030263,-0.250313,-0.10777,1.991393,0.489893,0.0,-0.090252,-0.23596599999999998,-0.076174,-0.13665,0.324346,0.735626,0.30338200000000004,0.4705,0.16880799999999999,0.967815,0.661047,-0.296971,-0.339122,-0.111775,1.067042,0.40772800000000003,-0.130219,1.639186,1.723801,-0.33049,-0.292082,-0.105229,-0.505325,-0.908767,-0.105049,0.314793,-0.505099,0.062681,-0.523564,0.009138,0.14818399999999998,1.360782,1.2016950000000002,-0.071405,0.634283,-0.391654,0.587566,-0.0606,-0.027879,0.358308,0.59572,0.044439,0.314399,0.142172,0.336978,-0.138317,0.8991180000000001,1.072493,0.033708999999999996,-0.327099,-0.490646,-0.09971000000000001,0.045243,-0.742386,0.7250770000000001,-0.197244,0.371066,0.021544,-0.678057,0.057513,0.33862800000000004,0.227517,-0.10005399999999999,0.810157,1.220208,0.648822,-0.229913,0.16964100000000001,-0.447821,-0.22603099999999998,0.102664,-0.21828899999999998,0.228929,-0.275984,0.096372,0.021193,-0.428562,0.026910000000000003,-0.129118,-0.151331,-0.112364,-0.28112800000000004,-2.2855119999999998,0.106331,0.5114920000000001,-0.27774299999999996,0.6039359999999999,-0.009558,0.453765,0.287152,-0.26055,-0.171132,1.413416,1.915632,0.246137,-0.0037450000000000005,-0.161279,-0.5406,-0.027492000000000003,0.417042
SKMEL30,-0.0018280000000000002,0.37109899999999996,0.41838100000000006,0.343927,0.6357119999999999,0.781717,0.271144,-1.066509,-0.035901999999999996,0.355592,0.70603,-0.185781,0.479155,0.139122,1.385991,0.45370900000000003,0.025241,0.303987,-0.160748,0.321687,-0.797549,-0.168602,-0.053388,-0.395331,1.174348,-0.265921,-0.130424,-0.069053,0.208446,-0.047608,-0.415307,0.5028819999999999,-0.5266569999999999,0.211957,0.730356,0.07233099999999999,-1.077076,-0.250051,-0.7613409999999999,-0.43234700000000004,-0.203652,-0.21136300000000002,-0.034185,0.006619,0.049824,-0.11214,0.27403099999999997,-0.020359,0.11100299999999999,-0.452899,-0.093863,-1.593125,-0.115471,0.166211,-0.390208,0.272002,-0.688257,-0.08027100000000001,-0.135326,0.156892,-0.21012399999999998,-0.46379499999999996,-0.38240100000000005,-0.15646300000000002,-0.233623,-0.370127,-0.43934399999999996,0.06615,0.6582180000000001,-0.265358,3.019992,0.025921,0.445622,-1.168885,-0.722774,0.017736000000000002,0.008641,0.365844,0.357162,0.10182999999999999,-0.105098,0.049007,-0.37585599999999997,1.8345619999999998,0.779824,0.004989,0.08804400000000001,0.592041,0.757363,0.24874899999999997,1.246774,-0.374131,-0.425617,0.290403,-0.39802,-0.119349,0.325437,-0.14961,-0.543641,0.8653879999999999,-0.11652799999999999,-0.089697,0.16331600000000002,-0.44283100000000003,0.367796,-0.332318,0.23840999999999998,-0.41054799999999997,-0.368491,0.109739,-0.348892,0.421108,-0.45181499999999997,0.004479,-0.07096000000000001,0.408539,-0.18274,-0.051886,0.161077,-0.047184,0.688673,0.22648000000000001,-0.061974,-0.306143,-0.303638,0.212704,0.630454,0.38702600000000004,-0.150454,-0.194973,1.155341,0.7733939999999999,0.8041050000000001,-0.053342999999999995,0.027268999999999998,0.13103099999999998,0.21036,0.429262,-0.39829499999999995,-0.06686900000000001,0.788964,-0.330708,-0.352391,0.12140899999999999,0.201772,0.718441,-0.49606000000000006,0.1078,0.171573,-0.22825,0.643968,-0.317895,-0.41306400000000004,0.23321799999999998,-0.11516300000000002,0.224592,1.2073770000000001,-1.250192,-1.608625,-0.00042,0.480709,-1.630671,0.015013,-0.044742000000000004,-0.674185,0.384355,-0.11786600000000001,0.057722,-1.180553,-0.6152850000000001,0.406722,0.102817,0.192529,-0.381307,0.212002,0.082699,0.336357,1.156707,1.0009350000000001,0.577675,-0.174459,0.231729,-0.250472,-0.682127,-0.43391,-0.334185,-0.28333800000000003,0.057683000000000005,-0.10862999999999999,0.363777,0.504947,0.753394,-0.267281,-0.5360229999999999,1.564574,0.065205,-1.454559,0.231526,-0.565493,0.28902,-0.426375,0.313591,0.059422,0.316652,-0.094122,0.177928,-1.536608,-1.7447240000000002,0.016959000000000002,-0.425038,-0.071235,-0.523012,1.471733,0.250682
SW620,-0.165893,0.0034549999999999997,-0.338352,0.42589899999999997,0.6129100000000001,1.202145,0.544887,-0.022438999999999997,-0.264792,1.046197,0.643302,-0.756595,-0.232438,-0.563675,0.46858599999999995,-0.689666,-0.632514,-0.20469,0.078079,0.660737,-1.340219,-0.113285,-0.0037920000000000002,1.458391,0.851686,0.8557110000000001,0.40451,-0.15298,0.11458199999999999,0.20761999999999997,0.12515,-0.486701,0.250908,-0.09271599999999999,1.460942,0.458582,-0.270951,-0.053176999999999995,-0.039785,-0.211471,-0.161105,0.459454,-0.16329000000000002,0.253652,-0.057784,0.8813139999999999,0.7024060000000001,0.200326,-0.005627,-0.271286,-0.324745,-0.7826380000000001,-0.031603,-0.148946,-0.43430100000000005,0.21460700000000002,1.528592,0.1662,-0.259268,-0.340972,0.132435,-0.65905,-0.8255040000000001,1.379278,-0.479605,-0.740322,0.046498000000000005,-0.12433599999999999,0.282713,0.280914,1.2369700000000001,0.319938,0.078237,-1.349493,-0.631253,0.034437999999999996,-0.307084,0.561723,-0.040466,0.528604,-0.07170900000000001,-0.135005,-0.291205,0.754058,-1.142196,0.716587,-0.270208,0.352083,0.712482,-0.269428,0.706386,0.848792,-0.254564,-0.07850700000000001,-0.021097,0.196127,-0.17976099999999998,-0.810513,-0.518221,0.48674300000000004,-0.07448099999999999,-0.327171,-0.0028829999999999997,-0.740781,-0.129781,-0.205066,-0.133424,-0.38103899999999996,-0.711368,0.797262,1.739416,-0.434062,-0.213733,-0.102011,0.164704,-0.010702,0.235823,-0.054913,0.7284149999999999,0.440594,0.628594,0.187199,0.256569,0.020848,-0.75161,-0.09536900000000001,-0.408456,0.6015689999999999,-0.41827,0.804303,-0.770738,2.707643,-0.9385870000000001,-0.303608,0.007994,-0.21444499999999997,0.230708,0.603428,0.253334,1.811133,-0.447596,0.023423,-0.11991900000000001,0.220721,0.292812,0.197546,0.8917120000000001,0.046727,-0.28465999999999997,1.314541,0.297528,-0.09107,-0.153007,-0.26068,-0.125826,0.23124099999999997,0.36401700000000003,1.206331,0.258779,-0.010476000000000001,0.933992,-0.93729,0.0377,-0.172336,-0.234983,-0.013752,0.8839540000000001,-0.601119,-0.692237,0.547628,0.617741,0.19622,0.680339,-0.6095430000000001,0.734147,0.341945,0.547975,0.050447000000000006,0.277998,-0.165998,-0.058507,0.257282,-0.13434400000000002,0.605685,-0.289624,0.986308,0.171684,0.061727,0.14469300000000002,-0.346432,2.783019,0.658406,-0.547874,-0.34968299999999997,-0.48669300000000004,0.35036,4.628913,-0.555918,0.007265000000000001,0.14763900000000002,-0.375726,0.406379,-0.235091,-0.125109,-0.26310500000000003,0.814367,-0.517331,-1.4866979999999999,0.062373000000000005,-0.242283,0.766318,1.4534799999999999,0.135208,0.27165700000000004
HT144,0.398198,0.087065,0.032612,0.04376,0.319008,0.242481,-0.049747,-0.602359,-0.487843,0.04102,0.08138200000000001,0.5815640000000001,-0.03745,-0.5637409999999999,1.1481139999999999,2.265333,1.957661,-0.254277,0.423633,-0.323335,0.8357450000000001,-0.39803099999999997,-0.215058,-0.66908,-3.337639,0.055362,-0.17174,-0.10339200000000001,-0.10717,0.056451999999999995,0.9236489999999999,0.30935100000000004,0.37916500000000003,0.157472,-0.156474,0.188962,-0.08361299999999999,-0.068092,-1.3827610000000001,-0.9520139999999999,-0.224915,-0.5132180000000001,-0.147399,-0.39534899999999995,-0.202287,-0.658678,0.758071,0.303975,-0.149854,-0.452816,0.237575,2.3316169999999996,0.19829000000000002,-0.452111,-0.077676,0.298827,-0.368082,0.058754999999999995,0.00878,-0.533776,-0.064189,-0.700509,-0.39106399999999997,-0.129856,-0.310338,0.303211,0.214023,-0.220412,0.07499,-0.019286,-1.39609,2.13742,-0.448845,-0.950362,-1.397348,-0.183775,-0.028748000000000003,-0.007490000000000001,-0.242988,-0.011611,0.29244499999999995,0.927601,0.91041,0.328415,1.798375,-0.05971799999999999,-0.377472,0.000359,0.575616,0.208661,0.76876,1.684926,-0.674326,0.204017,0.357401,0.700052,1.159025,0.571796,-0.3821,1.479863,-0.07925399999999999,-0.032743,-0.021046000000000002,0.5331319999999999,-0.515655,-0.251749,-0.142682,-0.645019,0.061423,0.662377,-0.40365500000000004,-0.837952,0.756743,0.266744,0.262656,1.223763,-0.205483,-0.267545,-0.277995,0.212377,0.364294,0.42836499999999994,0.043318,0.663525,0.523774,-0.33066799999999996,3.1949400000000003,0.8609600000000001,1.273089,0.47881599999999996,-0.142156,-0.43922,0.049545,-0.162403,-0.223708,-0.257271,-0.079677,-0.108775,-0.603637,-0.20633800000000002,-0.29651,-0.053762,0.284294,-0.101751,0.043413,0.216311,-0.45821000000000006,-0.470991,0.948478,-0.144455,0.025845999999999997,0.437875,0.33995,0.448708,1.84391,0.095851,0.360879,0.313391,0.053808,0.30135300000000004,0.23118699999999998,-0.253743,-0.1763,0.599911,-0.12192599999999999,0.847957,-0.656155,-0.736525,0.07749,-0.08166,0.28835900000000003,0.37337800000000004,0.929725,-1.066906,0.17661500000000002,0.371164,-0.375807,0.741984,1.266964,0.090537,-0.168706,-0.5390229999999999,-0.476625,-1.282697,0.14696099999999998,-0.26671300000000003,0.10279300000000001,-0.29690500000000003,1.1072799999999998,-0.160261,-0.795512,-0.494598,0.497935,-0.271894,1.25637,-0.49141899999999994,-2.12494,0.9852989999999999,0.71354,0.251382,0.566367,0.064199,0.776691,0.584008,0.834782,-0.352444,-0.383506,-2.41852,0.527938,-0.144623,-0.44271499999999997,-0.33219099999999996,-0.076578,0.13383299999999998
MDAMB436,-0.256778,0.39623400000000003,-1.740304,-0.109508,0.387815,0.209407,-0.18724000000000002,0.586882,-0.238666,0.391081,0.783411,-0.575707,0.183581,0.064455,-0.014361,2.850511,2.264675,-0.36219,0.458962,0.6051810000000001,1.007016,0.246644,-0.195224,-0.8799530000000001,-0.297428,0.695239,0.266261,0.311661,-0.115933,-0.150077,-0.23020700000000002,-0.097523,-0.370287,0.03899,-0.608201,-0.064338,1.190005,-0.295873,0.68938,0.38279,0.086664,0.0026609999999999997,-0.002177,-0.12806900000000002,-0.11003199999999999,-0.039202,1.4736479999999998,1.1599549999999998,0.488231,-0.587855,0.6159979999999999,1.27918,-0.112928,0.01864,0.22725599999999999,0.20766500000000002,0.173737,-0.050477999999999995,0.077028,0.036982,0.293516,-0.598166,-0.671613,0.650334,-0.42455699999999996,0.574863,-0.24552100000000002,-0.004227000000000001,-0.21481999999999998,-0.21622800000000003,-1.148815,-0.27124699999999996,0.576863,0.065247,-0.354928,0.046807999999999995,-0.059273,0.36074,0.10485599999999999,-0.081565,0.00039,-0.180867,-0.39371799999999996,-0.370604,0.169721,1.020801,0.346279,0.319249,0.0064659999999999995,-0.551938,-1.02004,0.22870900000000002,-0.656813,0.38216,-0.021249,-0.085357,0.165393,-0.593058,-0.596961,-0.303732,-0.037098,-0.082753,0.09057899999999999,1.1802860000000002,0.005836,1.244646,0.616954,-0.11044000000000001,0.196971,-0.3385,-0.25821700000000003,-0.24123699999999998,-0.146221,-0.103902,0.14346199999999998,-0.175801,-0.106531,0.008968,0.563876,0.440738,0.143361,0.021133000000000002,-0.165237,-0.588245,0.10731099999999999,-0.020337,2.763761,0.206529,-1.87379,0.38297800000000004,-0.43181899999999995,1.811764,-0.169369,-0.097961,0.041815,-0.011493999999999999,-0.047169,0.01888,-0.034416,-0.569272,2.547355,-0.263847,-0.07055299999999999,-0.069745,-0.11523199999999999,-0.064226,2.3116939999999997,-0.026076,0.9413440000000001,-0.519649,-0.170035,0.399973,0.529822,0.240155,-0.033795,-0.292267,-1.043748,-0.20640100000000003,-0.337117,-0.108274,0.488721,-2.078769,0.036392,0.8047449999999999,0.219034,-0.012742,-2.404096,-0.10782,0.074107,0.548619,-0.618904,-0.87259,-1.6499840000000001,-0.6440020000000001,0.690882,0.13351,0.145959,0.297306,-0.322825,-0.07657699999999999,-0.247955,0.10810499999999999,-0.25343699999999997,-0.09487000000000001,-0.30542600000000003,0.379701,-0.045255000000000004,-0.25385100000000005,0.23775100000000002,-0.506744,1.2456260000000001,-0.395514,0.54052,0.6300680000000001,0.1246,-0.331823,-1.165368,0.088494,0.062174,0.12318599999999999,-0.191856,0.209065,-0.10543,0.472289,0.43022200000000005,0.011016,0.5251319999999999,0.905018,-0.191955,-0.33676500000000004,0.277473,-0.339532,-0.07597899999999999,0.48298599999999997
OV90,0.323445,0.309838,1.0482790000000002,-0.7847970000000001,-0.9862489999999999,-1.0306739999999999,-0.11911500000000001,-1.022109,-0.141908,0.9530190000000001,0.0758,-0.12092,-0.031475,-0.701155,0.40010100000000004,-1.157641,-0.818843,0.838227,0.488703,-0.060797000000000004,-0.725707,0.556556,-0.117776,0.567555,-0.6142479999999999,-1.5729799999999998,-0.346335,-0.304128,-0.098523,-0.9781280000000001,0.252251,-0.525521,1.092932,0.012961000000000002,-0.14615899999999998,-0.179963,2.075732,0.45991899999999997,-0.622951,-0.585146,0.640191,-0.807116,-0.38733,0.095263,-0.06539299999999999,-0.481496,-1.0016129999999999,-0.722166,-0.252637,0.817199,0.501319,-1.8219610000000002,0.002384,0.031651,1.6379139999999999,0.189592,-0.08302899999999999,-0.073067,-0.287846,-0.17732699999999998,-0.146946,1.073942,0.066604,0.424791,0.444881,0.580271,0.055955,0.083307,0.7555189999999999,-0.45783999999999997,2.726305,0.614767,-1.5875629999999998,-0.42686899999999994,-0.364795,0.010423,0.546912,-3.404025,0.048489,-0.11225999999999998,0.37449899999999997,0.795493,0.7567050000000001,0.302628,4.059076,-1.173475,-0.276994,-0.104379,0.276044,2.377337,-1.802656,0.35315,0.212444,-0.8977959999999999,0.185337,-0.517992,-0.623527,0.684009,-0.16175,-0.5334270000000001,0.067726,-0.154499,0.300444,-0.5828369999999999,-1.071521,-0.344617,-0.413828,0.045489999999999996,-0.029210000000000003,-0.405656,0.459937,-0.45783599999999997,-0.272675,0.093966,0.8256629999999999,0.597938,0.10272,-0.126936,-0.082701,0.20714000000000002,-0.37241799999999997,0.055531,0.8714540000000001,0.8636159999999999,0.32883,-0.029419999999999998,-0.22810999999999998,-1.12899,-0.549764,-0.619463,0.69342,1.9563509999999997,0.455446,-0.090696,0.09196599999999999,-0.10505999999999999,0.26092600000000005,0.049964999999999996,0.024166,0.6289819999999999,1.305201,0.726588,-0.34654,0.046635,-0.406719,-0.42392399999999997,1.596999,-0.132668,0.007984999999999999,0.829942,-0.869057,0.059366999999999996,0.27534699999999995,0.089252,2.431319,-0.049093,0.361435,0.32112399999999997,0.178057,0.178234,-0.395823,0.35939299999999996,-0.195493,-0.23819400000000002,1.2678639999999999,-0.262915,0.48023999999999994,-0.057606,0.736412,0.205527,-0.169763,-0.22359899999999996,-0.41023699999999996,-0.012308,-0.796247,-0.184894,-0.0269,1.112265,1.36353,0.384735,-0.329383,0.414335,-0.112875,-0.515757,0.498317,-0.173256,-0.150817,-0.256237,-0.331073,-0.316254,-0.114746,0.14029,-0.014531,0.065876,-0.95,-0.014782,-2.890625,0.211326,0.569645,0.8179890000000001,0.158771,0.0656,1.536717,-0.147289,-0.09518099999999999,-0.663946,1.033623,1.754607,0.047431,-0.113879,0.144073,-0.071326,0.609172,0.21024400000000001
SKOV3,-0.27281700000000003,-0.388705,0.5629569999999999,-0.722941,0.571678,-0.015497,-0.327171,0.83006,-0.5007,0.083493,-0.038311000000000005,2.198216,-0.114658,-0.533983,0.029131999999999998,2.652943,1.43709,0.019631,0.36586199999999997,-0.28643,0.693371,0.52136,-0.24653699999999998,-2.190976,-0.906741,-0.88055,-1.202792,0.467984,-0.113007,-0.25244,-0.125282,-0.712454,0.541563,-0.24344899999999997,-0.063012,-0.269548,-0.39041,-0.298063,-1.777608,-0.957241,0.228921,0.501092,3.346454,-0.270097,-0.219297,-0.305809,-0.042658,0.008732,-0.121448,0.048669,0.036981,3.834765,-0.178549,-0.333701,-0.8904200000000001,-0.026917,-0.195272,-0.264941,-0.9012209999999999,-0.41146400000000005,0.044368,-0.087091,0.029598000000000003,0.019972,-0.107652,0.08245599999999999,-0.28356,-0.265297,0.142264,0.43888,-0.110642,0.5322520000000001,0.442486,1.26383,1.587201,-0.15391400000000002,0.277018,0.623213,2.003789,0.221063,-0.062898,0.697892,0.509322,-0.827249,1.877702,-0.526641,-0.024876,0.429275,0.449383,1.675786,0.585012,-0.734464,-0.043506,-0.12305799999999999,-0.13051600000000002,0.636951,0.766597,4.523466,4.477476,-0.546042,0.012643999999999999,0.48611099999999996,-0.3236,-0.6178899999999999,0.021573,-0.10520299999999999,-0.025001,1.111375,0.362435,0.006895999999999999,-0.013600999999999999,0.8982899999999999,0.8442930000000001,-0.219642,0.23498200000000002,0.376797,-0.24954400000000002,-0.324579,-0.63432,-0.238981,-0.349747,0.007034,1.6692240000000003,1.617426,0.141155,-0.43408,0.533122,1.880673,1.78538,0.522565,-0.399012,-0.863981,-0.25442600000000004,-0.495025,-0.026587,-0.117075,0.144318,0.31361700000000003,0.777451,-0.755811,1.3695549999999999,-0.221296,0.035828,0.094824,0.240641,0.743583,1.8170389999999998,-0.334878,0.365144,0.0,-0.864145,-0.234303,-0.196487,0.550588,1.849849,-0.316295,0.47874099999999997,0.14407999999999999,0.111097,0.019309,0.041757999999999997,0.18454700000000002,-0.5876439999999999,0.775634,0.7946770000000001,0.402389,-0.454754,-0.711511,0.125281,-0.34741,-0.391154,0.07056799999999999,0.351455,0.420295,0.027134,0.066625,0.18191500000000002,1.193025,1.230536,-0.158098,-0.24552100000000002,-0.095045,-0.039457,-0.049194999999999996,-0.06865800000000001,-0.265049,-0.012059,-0.44265200000000005,-0.137829,-0.648979,-0.18901300000000001,-0.48569700000000005,2.171275,0.024877,0.07979800000000001,-0.34218000000000004,0.10891600000000001,0.650399,-0.176679,-0.255857,0.562983,-0.12066199999999999,1.3254540000000001,-0.162858,0.103371,-0.9714209999999999,0.875094,0.33920100000000003,-0.37526,-0.23112800000000003,0.341035,1.484919,0.944623,0.367265
LOVO,-0.288439,-0.23357199999999997,-0.041583999999999996,0.22711399999999998,-1.065707,-0.9386049999999999,-0.5605760000000001,0.770345,-0.016587,-1.139644,-1.525046,0.166982,-0.288746,0.19861700000000002,-0.7399020000000001,1.8057459999999999,1.314817,0.45489399999999997,0.23484499999999997,0.122127,-0.310298,0.144425,-0.196448,0.360427,0.14463,0.104622,-0.313116,0.010102,-0.017501,0.988183,-1.570805,0.40167600000000003,0.44845,-0.030376,0.766223,0.025516999999999998,-1.055761,0.128163,1.055755,0.798952,0.005564,0.524979,-0.446275,0.1517,0.573893,0.989635,-0.639119,-0.298055,0.13244,0.13986800000000002,-0.298906,-1.15194,-0.079584,0.131222,1.7539650000000002,1.7345599999999999,-0.421597,-0.24349099999999999,-0.164616,-0.17765799999999998,0.395041,5.388572,1.226385,-0.8154560000000001,-0.237163,0.166446,-0.369273,-0.009834,0.185629,-0.064051,3.4362199999999996,-0.32494,0.141793,0.741115,1.2758559999999999,0.148382,0.108976,-0.14161600000000002,-0.117806,0.15309,0.023591,-0.621624,-0.32066,-0.6801159999999999,-1.342608,-0.118343,-0.242221,0.073502,0.9975219999999999,-0.698526,0.497828,-0.858526,0.121716,-0.295202,-0.40865999999999997,0.591537,0.579576,1.089258,0.803908,1.1609209999999999,0.406529,-0.270255,-0.117947,-0.40131700000000003,-0.714267,0.643798,0.005843,0.769733,0.17235699999999998,-0.060177999999999995,0.882648,0.046169,0.677712,-0.012856,0.36675100000000005,0.747738,0.21513400000000002,0.034785,-2.828518,-2.7726610000000003,-0.516744,-0.287428,0.075175,-0.255868,-0.59219,0.059319000000000004,-0.5501550000000001,0.110222,0.24670999999999998,0.040474,0.501004,-0.656867,0.021425,0.350559,-0.034763,0.260849,-0.15858,-0.10438099999999999,0.685472,-0.403861,-0.068869,0.50162,-0.801458,0.577289,0.410624,0.41561499999999996,-0.668787,-0.12671,0.155194,-0.177782,0.6135390000000001,-0.098817,0.146676,-1.062798,-0.252236,-0.159889,-0.05928099999999999,-0.608632,-0.862082,-0.10421199999999999,-0.12183800000000002,1.147023,0.041208999999999996,0.078296,0.023733,-0.34324099999999996,-0.040096,1.808053,0.137957,-0.70293,0.203566,-0.309156,-1.574608,0.48073599999999994,0.474542,-0.21579099999999998,0.44788199999999995,-1.08928,-2.5341720000000003,-0.31151100000000004,-0.427017,0.53233,0.67971,0.713011,0.5018130000000001,0.484206,0.571701,0.291354,-0.29286100000000004,-0.19012300000000001,0.261571,-0.102496,-0.993084,-0.2631,1.2021709999999999,-0.361052,2.700385,-0.26759099999999997,-1.229196,1.489538,-0.274855,-0.483912,-0.41848,-0.18926099999999998,0.352575,0.191049,1.273168,-1.565376,-0.12109600000000001,-0.13301,-0.092808,-0.719849,-0.13433299999999998,0.28377800000000003
CAOV3,-0.007338,-0.10001399999999999,-0.494555,-0.9703950000000001,-0.545579,-0.958976,-0.188669,0.19451400000000002,-0.29281599999999997,-0.5382140000000001,-0.685126,1.359621,0.012872999999999999,0.334768,0.13786900000000002,-0.937306,-0.464049,0.099301,0.556542,-0.590065,-0.740974,0.128801,-0.30694099999999996,0.453009,-2.0662979999999997,0.6574800000000001,0.481475,0.022955,0.126296,-0.377787,-0.5295340000000001,-0.6749539999999999,0.390917,-0.283066,0.5976090000000001,-0.00566,0.329979,0.111911,0.116505,0.206069,0.191168,0.341954,0.794625,0.22309400000000001,-0.060523,-0.346093,0.6772779999999999,0.49868900000000005,0.278575,0.62943,-0.193331,-1.999643,-0.038957,-0.123248,0.49327600000000005,0.474357,-0.5068819999999999,0.06837599999999999,0.716717,0.23834899999999998,-0.719108,4.290236,-0.13348800000000002,-0.331845,0.674517,0.706446,0.260614,0.20586,-0.34623200000000004,0.820893,3.126147,-0.045956,-1.06781,0.786103,0.964938,0.034437999999999996,-0.093126,0.306379,-0.22173,0.006075,0.099884,0.43550500000000003,0.008869,0.204434,-0.089799,0.44284799999999996,-0.337372,0.229062,-0.3056,1.8253439999999999,1.6865599999999998,2.233423,-0.406112,0.181997,0.316314,0.17189400000000002,0.326236,0.346248,0.3203,0.559251,-0.05815599999999999,-0.135973,0.155211,0.821091,-0.143941,-0.14005,-0.220998,0.2906,0.249191,-0.030122000000000003,-0.118471,1.265117,0.039427,-0.38304099999999996,0.321711,0.46743500000000004,0.001935,-0.169752,0.17792,0.426225,-0.152146,0.120018,0.016159,0.234448,-0.17928,-0.17877200000000001,-1.18154,0.016702,0.906768,-0.280109,0.662505,1.075539,0.250026,-0.14788199999999999,-0.191079,-0.130105,-0.41465799999999997,-0.778933,-0.601645,-0.649795,2.266946,-0.324563,0.148926,0.216494,0.5024850000000001,1.042713,-0.443615,-0.009599,0.256105,-0.197578,-2.054782,-0.331241,-0.6424850000000001,-0.18201099999999998,-0.015784,0.164675,-0.477479,-1.076449,-2.027675,-0.5720149999999999,-0.086974,0.704019,0.023612,-0.323265,0.040014999999999995,-0.426659,0.461323,0.841575,0.028571,0.019406,0.11202999999999999,-0.740525,-0.25287800000000005,-0.159624,-0.47776499999999994,-0.030851,0.326778,1.2514100000000001,1.729075,0.078516,0.45573800000000003,0.174125,0.530334,0.396764,-0.058025,-0.29186799999999996,-0.000202,-0.20421,-0.115397,-0.804953,0.141233,-0.13397699999999998,-0.014762,0.873132,0.381461,-0.106002,1.06334,0.022609,0.8838010000000001,0.406093,1.339648,-0.11295,0.066201,-1.01254,-0.43790200000000007,-0.31069,0.812125,2.648111,0.102959,0.045942000000000004,0.043095,0.45701400000000003,0.166975,0.060292
